timeStamp,elapsed,label,responseCode,responseMessage,threadName,dataType,success,failureMessage,bytes,sentBytes,grpThreads,allThreads,URL,Latency,IdleTime,Connect
1778504067562,219,GET Login Page,200,,Calendar Day Users 1-2,text,true,,21823,244,3,3,http://localhost:8080/login,215,0,1
1778504067760,21,GET Login Page,200,,Calendar Day Users 1-3,text,true,,21823,244,3,3,http://localhost:8080/login,18,0,1
1778504067416,364,GET Login Page,200,,Calendar Day Users 1-1,text,true,,21823,244,3,3,http://localhost:8080/login,360,0,14
1778504067961,18,GET Login Page,200,,Calendar Day Users 1-4,text,true,,21823,244,4,4,http://localhost:8080/login,16,0,1
1778504067790,259,POST Login,500,,Calendar Day Users 1-2,text,false,Login response should not contain the login error marker.,1012,747,4,4,http://localhost:8080/,171,0,0
1778504067790,259,POST Login,500,,Calendar Day Users 1-1,text,false,Login response should not contain the login error marker.,1012,747,4,4,http://localhost:8080/,171,0,0
1778504067790,171,POST Login-0,302,,Calendar Day Users 1-2,,true,,400,455,4,4,http://localhost:8080/login,171,0,0
1778504067790,171,POST Login-0,302,,Calendar Day Users 1-1,,true,,400,455,4,4,http://localhost:8080/login,171,0,0
1778504067962,87,POST Login-1,500,,Calendar Day Users 1-2,text,false,,612,292,4,4,http://localhost:8080/,86,0,0
1778504067962,87,POST Login-1,500,,Calendar Day Users 1-1,text,false,,612,292,4,4,http://localhost:8080/,86,0,0
1778504067790,306,POST Login,200,,Calendar Day Users 1-3,text,true,,37604,1048,4,4,http://localhost:8080/dashboard,171,0,0
1778504067790,171,POST Login-0,302,,Calendar Day Users 1-3,,true,,400,455,4,4,http://localhost:8080/login,171,0,0
1778504067962,55,POST Login-1,302,,Calendar Day Users 1-3,,true,,356,292,4,4,http://localhost:8080/,55,0,0
1778504068017,79,POST Login-2,200,,Calendar Day Users 1-3,text,true,,36848,301,4,4,http://localhost:8080/dashboard,50,0,0
1778504067981,120,POST Login,200,,Calendar Day Users 1-4,text,true,,37604,1048,4,4,http://localhost:8080/dashboard,73,0,0
1778504067981,73,POST Login-0,302,,Calendar Day Users 1-4,,true,,400,455,4,4,http://localhost:8080/login,73,0,0
1778504068054,6,POST Login-1,302,,Calendar Day Users 1-4,,true,,356,292,4,4,http://localhost:8080/,6,0,0
1778504068060,41,POST Login-2,200,,Calendar Day Users 1-4,text,true,,36848,301,4,4,http://localhost:8080/dashboard,29,0,0
1778504068162,20,GET Login Page,200,,Calendar Day Users 1-5,text,true,,21823,244,5,5,http://localhost:8080/login,18,0,1
1778504068050,145,GET Calendar Day,200,,Calendar Day Users 1-2,text,true,,88919,315,5,5,http://localhost:8080/calendar/day/2026-01-20,99,0,1
1778504068103,92,GET Calendar Day,200,,Calendar Day Users 1-4,text,true,,88919,315,5,5,http://localhost:8080/calendar/day/2026-01-20,56,0,0
1778504068099,97,GET Calendar Day,200,,Calendar Day Users 1-3,text,true,,88919,315,5,5,http://localhost:8080/calendar/day/2026-01-20,53,0,0
1778504068050,146,GET Calendar Day,200,,Calendar Day Users 1-1,text,true,,88919,315,5,5,http://localhost:8080/calendar/day/2026-01-20,100,0,1
1778504068198,16,GET Login Page,200,,Calendar Day Users 1-3,text,true,,21823,244,5,5,http://localhost:8080/login,15,0,0
1778504068198,16,GET Login Page,200,,Calendar Day Users 1-4,text,true,,21823,244,5,5,http://localhost:8080/login,15,0,0
1778504068198,17,GET Login Page,200,,Calendar Day Users 1-2,text,true,,21823,244,5,5,http://localhost:8080/login,15,0,0
1778504068198,17,GET Login Page,200,,Calendar Day Users 1-1,text,true,,21823,244,5,5,http://localhost:8080/login,16,0,0
1778504068183,116,POST Login,200,,Calendar Day Users 1-5,text,true,,37604,1048,5,5,http://localhost:8080/dashboard,82,0,0
1778504068183,82,POST Login-0,302,,Calendar Day Users 1-5,,true,,400,455,5,5,http://localhost:8080/login,82,0,0
1778504068265,6,POST Login-1,302,,Calendar Day Users 1-5,,true,,356,292,5,5,http://localhost:8080/,6,0,0
1778504068271,28,POST Login-2,200,,Calendar Day Users 1-5,text,true,,36848,301,5,5,http://localhost:8080/dashboard,20,0,0
1778504068216,120,POST Login,200,,Calendar Day Users 1-2,text,true,,37604,1048,5,5,http://localhost:8080/dashboard,77,0,0
1778504068216,120,POST Login,200,,Calendar Day Users 1-1,text,true,,37604,1048,5,5,http://localhost:8080/dashboard,78,0,0
1778504068216,77,POST Login-0,302,,Calendar Day Users 1-2,,true,,400,455,5,5,http://localhost:8080/login,77,0,0
1778504068216,78,POST Login-0,302,,Calendar Day Users 1-1,,true,,400,455,5,5,http://localhost:8080/login,78,0,0
1778504068293,5,POST Login-1,302,,Calendar Day Users 1-2,,true,,356,292,5,5,http://localhost:8080/,5,0,0
1778504068294,4,POST Login-1,302,,Calendar Day Users 1-1,,true,,356,292,5,5,http://localhost:8080/,4,0,0
1778504068298,38,POST Login-2,200,,Calendar Day Users 1-1,text,true,,36848,301,5,5,http://localhost:8080/dashboard,31,0,0
1778504068298,38,POST Login-2,200,,Calendar Day Users 1-2,text,true,,36848,301,5,5,http://localhost:8080/dashboard,32,0,0
1778504068215,130,POST Login,200,,Calendar Day Users 1-3,text,true,,37604,1048,5,5,http://localhost:8080/dashboard,79,0,0
1778504068215,130,POST Login,200,,Calendar Day Users 1-4,text,true,,37604,1048,5,5,http://localhost:8080/dashboard,77,0,0
1778504068215,79,POST Login-0,302,,Calendar Day Users 1-3,,true,,400,455,5,5,http://localhost:8080/login,79,0,0
1778504068215,77,POST Login-0,302,,Calendar Day Users 1-4,,true,,400,455,5,5,http://localhost:8080/login,77,0,0
1778504068294,5,POST Login-1,302,,Calendar Day Users 1-3,,true,,356,292,5,5,http://localhost:8080/,5,0,0
1778504068292,6,POST Login-1,302,,Calendar Day Users 1-4,,true,,356,292,5,5,http://localhost:8080/,6,0,0
1778504068299,46,POST Login-2,200,,Calendar Day Users 1-3,text,true,,36848,301,5,5,http://localhost:8080/dashboard,30,0,0
1778504068298,47,POST Login-2,200,,Calendar Day Users 1-4,text,true,,36848,301,5,5,http://localhost:8080/dashboard,33,0,0
1778504068366,19,GET Login Page,200,,Calendar Day Users 1-6,text,true,,21823,244,6,6,http://localhost:8080/login,17,0,3
1778504068301,98,GET Calendar Day,200,,Calendar Day Users 1-5,text,true,,88919,315,6,6,http://localhost:8080/calendar/day/2026-01-20,78,0,0
1778504068346,60,GET Calendar Day,200,,Calendar Day Users 1-3,text,true,,88919,315,6,6,http://localhost:8080/calendar/day/2026-01-20,45,0,0
1778504068338,69,GET Calendar Day,200,,Calendar Day Users 1-2,text,true,,88919,315,6,6,http://localhost:8080/calendar/day/2026-01-20,53,0,0
1778504068346,64,GET Calendar Day,200,,Calendar Day Users 1-4,text,true,,88919,315,6,6,http://localhost:8080/calendar/day/2026-01-20,45,0,0
1778504068338,74,GET Calendar Day,200,,Calendar Day Users 1-1,text,true,,88919,315,6,6,http://localhost:8080/calendar/day/2026-01-20,54,0,0
1778504068400,16,GET Login Page,200,,Calendar Day Users 1-5,text,true,,21823,244,6,6,http://localhost:8080/login,15,0,0
1778504068407,16,GET Login Page,200,,Calendar Day Users 1-2,text,true,,21823,244,6,6,http://localhost:8080/login,15,0,0
1778504068407,16,GET Login Page,200,,Calendar Day Users 1-3,text,true,,21823,244,6,6,http://localhost:8080/login,15,0,0
1778504068411,13,GET Login Page,200,,Calendar Day Users 1-4,text,true,,21823,244,6,6,http://localhost:8080/login,12,0,0
1778504068413,14,GET Login Page,200,,Calendar Day Users 1-1,text,true,,21823,244,6,6,http://localhost:8080/login,13,0,0
1778504068385,107,POST Login,200,,Calendar Day Users 1-6,text,true,,37604,1048,6,6,http://localhost:8080/dashboard,80,0,0
1778504068385,80,POST Login-0,302,,Calendar Day Users 1-6,,true,,400,455,6,6,http://localhost:8080/login,80,0,0
1778504068466,6,POST Login-1,302,,Calendar Day Users 1-6,,true,,356,292,6,6,http://localhost:8080/,6,0,0
1778504068472,20,POST Login-2,200,,Calendar Day Users 1-6,text,true,,36848,301,6,6,http://localhost:8080/dashboard,16,0,0
1778504068417,116,POST Login,200,,Calendar Day Users 1-5,text,true,,37604,1048,6,6,http://localhost:8080/dashboard,77,0,0
1778504068417,77,POST Login-0,302,,Calendar Day Users 1-5,,true,,400,455,6,6,http://localhost:8080/login,77,0,0
1778504068494,4,POST Login-1,302,,Calendar Day Users 1-5,,true,,356,292,6,6,http://localhost:8080/,4,0,0
1778504068498,35,POST Login-2,200,,Calendar Day Users 1-5,text,true,,36848,301,6,6,http://localhost:8080/dashboard,28,0,0
1778504068428,113,POST Login,200,,Calendar Day Users 1-1,text,true,,37604,1048,6,6,http://localhost:8080/dashboard,74,0,0
1778504068424,117,POST Login,200,,Calendar Day Users 1-2,text,true,,37604,1048,6,6,http://localhost:8080/dashboard,78,0,0
1778504068428,74,POST Login-0,302,,Calendar Day Users 1-1,,true,,400,455,6,6,http://localhost:8080/login,74,0,0
1778504068424,78,POST Login-0,302,,Calendar Day Users 1-2,,true,,400,455,6,6,http://localhost:8080/login,78,0,0
1778504068424,117,POST Login,200,,Calendar Day Users 1-4,text,true,,37604,1048,6,6,http://localhost:8080/dashboard,78,0,0
1778504068502,4,POST Login-1,302,,Calendar Day Users 1-2,,true,,356,292,6,6,http://localhost:8080/,4,0,0
1778504068424,78,POST Login-0,302,,Calendar Day Users 1-4,,true,,400,455,6,6,http://localhost:8080/login,78,0,0
1778504068424,117,POST Login,200,,Calendar Day Users 1-3,text,true,,37604,1048,6,6,http://localhost:8080/dashboard,78,0,0
1778504068503,3,POST Login-1,302,,Calendar Day Users 1-4,,true,,356,292,6,6,http://localhost:8080/,3,0,0
1778504068424,78,POST Login-0,302,,Calendar Day Users 1-3,,true,,400,455,6,6,http://localhost:8080/login,78,0,0
1778504068502,4,POST Login-1,302,,Calendar Day Users 1-1,,true,,356,292,6,6,http://localhost:8080/,4,0,0
1778504068507,34,POST Login-2,200,,Calendar Day Users 1-4,text,true,,36848,301,6,6,http://localhost:8080/dashboard,26,0,0
1778504068507,34,POST Login-2,200,,Calendar Day Users 1-2,text,true,,36848,301,6,6,http://localhost:8080/dashboard,26,0,0
1778504068502,4,POST Login-1,302,,Calendar Day Users 1-3,,true,,356,292,6,6,http://localhost:8080/,4,0,0
1778504068507,34,POST Login-2,200,,Calendar Day Users 1-1,text,true,,36848,301,6,6,http://localhost:8080/dashboard,26,0,0
1778504068507,34,POST Login-2,200,,Calendar Day Users 1-3,text,true,,36848,301,6,6,http://localhost:8080/dashboard,26,0,0
1778504068568,18,GET Login Page,200,,Calendar Day Users 1-7,text,true,,21823,244,7,7,http://localhost:8080/login,17,0,2
1778504068494,96,GET Calendar Day,200,,Calendar Day Users 1-6,text,true,,88919,315,7,7,http://localhost:8080/calendar/day/2026-01-20,73,0,0
1778504068591,14,GET Login Page,200,,Calendar Day Users 1-6,text,true,,21823,244,7,7,http://localhost:8080/login,13,0,0
1778504068542,69,GET Calendar Day,200,,Calendar Day Users 1-2,text,true,,88919,315,7,7,http://localhost:8080/calendar/day/2026-01-20,55,0,0
1778504068542,69,GET Calendar Day,200,,Calendar Day Users 1-1,text,true,,88919,315,7,7,http://localhost:8080/calendar/day/2026-01-20,55,0,0
1778504068542,70,GET Calendar Day,200,,Calendar Day Users 1-3,text,true,,88919,315,7,7,http://localhost:8080/calendar/day/2026-01-20,55,0,0
1778504068542,72,GET Calendar Day,200,,Calendar Day Users 1-4,text,true,,88919,315,7,7,http://localhost:8080/calendar/day/2026-01-20,57,0,0
1778504068534,80,GET Calendar Day,200,,Calendar Day Users 1-5,text,true,,88919,315,7,7,http://localhost:8080/calendar/day/2026-01-20,64,0,0
1778504068612,14,GET Login Page,200,,Calendar Day Users 1-3,text,true,,21823,244,7,7,http://localhost:8080/login,13,0,0
1778504068612,15,GET Login Page,200,,Calendar Day Users 1-1,text,true,,21823,244,7,7,http://localhost:8080/login,14,0,0
1778504068612,16,GET Login Page,200,,Calendar Day Users 1-2,text,true,,21823,244,7,7,http://localhost:8080/login,15,0,0
1778504068615,14,GET Login Page,200,,Calendar Day Users 1-4,text,true,,21823,244,7,7,http://localhost:8080/login,13,0,0
1778504068615,14,GET Login Page,200,,Calendar Day Users 1-5,text,true,,21823,244,7,7,http://localhost:8080/login,13,0,0
1778504068587,112,POST Login,200,,Calendar Day Users 1-7,text,true,,37604,1048,7,7,http://localhost:8080/dashboard,80,0,0
1778504068587,80,POST Login-0,302,,Calendar Day Users 1-7,,true,,400,455,7,7,http://localhost:8080/login,80,0,0
1778504068668,5,POST Login-1,302,,Calendar Day Users 1-7,,true,,356,292,7,7,http://localhost:8080/,5,0,0
1778504068673,26,POST Login-2,200,,Calendar Day Users 1-7,text,true,,36848,301,7,7,http://localhost:8080/dashboard,18,0,0
1778504068606,109,POST Login,200,,Calendar Day Users 1-6,text,true,,37604,1048,7,7,http://localhost:8080/dashboard,78,0,0
1778504068606,78,POST Login-0,302,,Calendar Day Users 1-6,,true,,400,455,7,7,http://localhost:8080/login,78,0,0
1778504068685,5,POST Login-1,302,,Calendar Day Users 1-6,,true,,356,292,7,7,http://localhost:8080/,5,0,0
1778504068690,25,POST Login-2,200,,Calendar Day Users 1-6,text,true,,36848,301,7,7,http://localhost:8080/dashboard,18,0,0
1778504068627,105,POST Login,200,,Calendar Day Users 1-3,text,true,,37604,1048,7,7,http://localhost:8080/dashboard,79,0,0
1778504068627,79,POST Login-0,302,,Calendar Day Users 1-3,,true,,400,455,7,7,http://localhost:8080/login,79,0,0
1778504068706,4,POST Login-1,302,,Calendar Day Users 1-3,,true,,356,292,7,7,http://localhost:8080/,4,0,0
1778504068711,21,POST Login-2,200,,Calendar Day Users 1-3,text,true,,36848,301,7,7,http://localhost:8080/dashboard,17,0,0
1778504068627,106,POST Login,200,,Calendar Day Users 1-1,text,true,,37604,1048,7,7,http://localhost:8080/dashboard,79,0,0
1778504068627,79,POST Login-0,302,,Calendar Day Users 1-1,,true,,400,455,7,7,http://localhost:8080/login,79,0,0
1778504068707,3,POST Login-1,302,,Calendar Day Users 1-1,,true,,356,292,7,7,http://localhost:8080/,3,0,0
1778504068711,22,POST Login-2,200,,Calendar Day Users 1-1,text,true,,36848,301,7,7,http://localhost:8080/dashboard,18,0,0
1778504068630,104,POST Login,200,,Calendar Day Users 1-5,text,true,,37604,1048,7,7,http://localhost:8080/dashboard,81,0,0
1778504068630,81,POST Login-0,302,,Calendar Day Users 1-5,,true,,400,455,7,7,http://localhost:8080/login,81,0,0
1778504068711,3,POST Login-1,302,,Calendar Day Users 1-5,,true,,356,292,7,7,http://localhost:8080/,3,0,0
1778504068714,20,POST Login-2,200,,Calendar Day Users 1-5,text,true,,36848,301,7,7,http://localhost:8080/dashboard,15,0,0
1778504068630,108,POST Login,200,,Calendar Day Users 1-4,text,true,,37604,1048,7,7,http://localhost:8080/dashboard,80,0,0
1778504068630,80,POST Login-0,302,,Calendar Day Users 1-4,,true,,400,455,7,7,http://localhost:8080/login,80,0,0
1778504068710,4,POST Login-1,302,,Calendar Day Users 1-4,,true,,356,292,7,7,http://localhost:8080/,4,0,0
1778504068714,24,POST Login-2,200,,Calendar Day Users 1-4,text,true,,36848,301,7,7,http://localhost:8080/dashboard,17,0,0
1778504068629,109,POST Login,200,,Calendar Day Users 1-2,text,true,,37604,1048,7,7,http://localhost:8080/dashboard,79,0,0
1778504068629,79,POST Login-0,302,,Calendar Day Users 1-2,,true,,400,455,7,7,http://localhost:8080/login,79,0,0
1778504068709,4,POST Login-1,302,,Calendar Day Users 1-2,,true,,356,292,7,7,http://localhost:8080/,4,0,0
1778504068713,25,POST Login-2,200,,Calendar Day Users 1-2,text,true,,36848,301,7,7,http://localhost:8080/dashboard,17,0,0
1778504068700,61,GET Calendar Day,200,,Calendar Day Users 1-7,text,true,,88919,315,8,8,http://localhost:8080/calendar/day/2026-01-20,42,0,0
1778504068716,58,GET Calendar Day,200,,Calendar Day Users 1-6,text,true,,88919,315,8,8,http://localhost:8080/calendar/day/2026-01-20,42,0,0
1778504068762,13,GET Login Page,200,,Calendar Day Users 1-7,text,true,,21823,244,8,8,http://localhost:8080/login,12,0,0
1778504068761,16,GET Login Page,200,,Calendar Day Users 1-8,text,true,,21823,244,8,8,http://localhost:8080/login,15,0,1
1778504068734,48,GET Calendar Day,200,,Calendar Day Users 1-1,text,true,,88919,315,8,8,http://localhost:8080/calendar/day/2026-01-20,36,0,0
1778504068733,49,GET Calendar Day,200,,Calendar Day Users 1-3,text,true,,88919,315,8,8,http://localhost:8080/calendar/day/2026-01-20,37,0,0
1778504068734,51,GET Calendar Day,200,,Calendar Day Users 1-5,text,true,,88919,315,8,8,http://localhost:8080/calendar/day/2026-01-20,34,0,0
1778504068775,14,GET Login Page,200,,Calendar Day Users 1-6,text,true,,21823,244,8,8,http://localhost:8080/login,13,0,0
1778504068738,51,GET Calendar Day,200,,Calendar Day Users 1-4,text,true,,88919,315,8,8,http://localhost:8080/calendar/day/2026-01-20,36,0,0
1778504068783,12,GET Login Page,200,,Calendar Day Users 1-3,text,true,,21823,244,8,8,http://localhost:8080/login,11,0,0
1778504068783,12,GET Login Page,200,,Calendar Day Users 1-1,text,true,,21823,244,8,8,http://localhost:8080/login,11,0,0
1778504068786,11,GET Login Page,200,,Calendar Day Users 1-5,text,true,,21823,244,8,8,http://localhost:8080/login,10,0,0
1778504068790,13,GET Login Page,200,,Calendar Day Users 1-4,text,true,,21823,244,8,8,http://localhost:8080/login,12,0,0
1778504068739,71,GET Calendar Day,200,,Calendar Day Users 1-2,text,true,,88919,315,8,8,http://localhost:8080/calendar/day/2026-01-20,54,0,0
1778504068811,11,GET Login Page,200,,Calendar Day Users 1-2,text,true,,21823,244,8,8,http://localhost:8080/login,10,0,0
1778504068776,96,POST Login,200,,Calendar Day Users 1-7,text,true,,37604,1048,8,8,http://localhost:8080/dashboard,72,0,0
1778504068776,72,POST Login-0,302,,Calendar Day Users 1-7,,true,,400,455,8,8,http://localhost:8080/login,72,0,0
1778504068849,4,POST Login-1,302,,Calendar Day Users 1-7,,true,,356,292,8,8,http://localhost:8080/,4,0,0
1778504068854,18,POST Login-2,200,,Calendar Day Users 1-7,text,true,,36848,301,8,8,http://localhost:8080/dashboard,14,0,0
1778504068778,98,POST Login,200,,Calendar Day Users 1-8,text,true,,37604,1048,8,8,http://localhost:8080/dashboard,73,0,0
1778504068778,73,POST Login-0,302,,Calendar Day Users 1-8,,true,,400,455,8,8,http://localhost:8080/login,73,0,0
1778504068851,3,POST Login-1,302,,Calendar Day Users 1-8,,true,,356,292,8,8,http://localhost:8080/,3,0,0
1778504068855,21,POST Login-2,200,,Calendar Day Users 1-8,text,true,,36848,301,8,8,http://localhost:8080/dashboard,15,0,0
1778504068790,99,POST Login,200,,Calendar Day Users 1-6,text,true,,37604,1048,8,8,http://localhost:8080/dashboard,71,0,0
1778504068790,71,POST Login-0,302,,Calendar Day Users 1-6,,true,,400,455,8,8,http://localhost:8080/login,71,0,0
1778504068861,4,POST Login-1,302,,Calendar Day Users 1-6,,true,,356,292,8,8,http://localhost:8080/,4,0,0
1778504068866,23,POST Login-2,200,,Calendar Day Users 1-6,text,true,,36848,301,8,8,http://localhost:8080/dashboard,18,0,0
1778504068798,98,POST Login,200,,Calendar Day Users 1-5,text,true,,37604,1048,8,8,http://localhost:8080/dashboard,73,0,0
1778504068798,73,POST Login-0,302,,Calendar Day Users 1-5,,true,,400,455,8,8,http://localhost:8080/login,73,0,0
1778504068872,3,POST Login-1,302,,Calendar Day Users 1-5,,true,,356,292,8,8,http://localhost:8080/,3,0,0
1778504068875,21,POST Login-2,200,,Calendar Day Users 1-5,text,true,,36848,301,8,8,http://localhost:8080/dashboard,16,0,0
1778504068796,101,POST Login,200,,Calendar Day Users 1-3,text,true,,37604,1048,8,8,http://localhost:8080/dashboard,75,0,0
1778504068796,75,POST Login-0,302,,Calendar Day Users 1-3,,true,,400,455,8,8,http://localhost:8080/login,75,0,0
1778504068872,3,POST Login-1,302,,Calendar Day Users 1-3,,true,,356,292,8,8,http://localhost:8080/,3,0,0
1778504068875,22,POST Login-2,200,,Calendar Day Users 1-3,text,true,,36848,301,8,8,http://localhost:8080/dashboard,17,0,0
1778504068796,103,POST Login,200,,Calendar Day Users 1-1,text,true,,37604,1048,8,8,http://localhost:8080/dashboard,75,0,0
1778504068796,75,POST Login-0,302,,Calendar Day Users 1-1,,true,,400,455,8,8,http://localhost:8080/login,75,0,0
1778504068872,3,POST Login-1,302,,Calendar Day Users 1-1,,true,,356,292,8,8,http://localhost:8080/,3,0,0
1778504068875,24,POST Login-2,200,,Calendar Day Users 1-1,text,true,,36848,301,8,8,http://localhost:8080/dashboard,16,0,0
1778504068803,97,POST Login,200,,Calendar Day Users 1-4,text,true,,37604,1048,8,8,http://localhost:8080/dashboard,74,0,0
1778504068803,74,POST Login-0,302,,Calendar Day Users 1-4,,true,,400,455,8,8,http://localhost:8080/login,74,0,0
1778504068877,3,POST Login-1,302,,Calendar Day Users 1-4,,true,,356,292,8,8,http://localhost:8080/,3,0,0
1778504068880,20,POST Login-2,200,,Calendar Day Users 1-4,text,true,,36848,301,8,8,http://localhost:8080/dashboard,15,0,0
1778504068877,55,GET Calendar Day,200,,Calendar Day Users 1-8,text,true,,88919,315,8,8,http://localhost:8080/calendar/day/2026-01-20,40,0,0
1778504068872,60,GET Calendar Day,200,,Calendar Day Users 1-7,text,true,,88919,315,8,8,http://localhost:8080/calendar/day/2026-01-20,42,0,0
1778504068823,128,POST Login,200,,Calendar Day Users 1-2,text,true,,37604,1048,8,8,http://localhost:8080/dashboard,87,0,0
1778504068823,87,POST Login-0,302,,Calendar Day Users 1-2,,true,,400,455,8,8,http://localhost:8080/login,87,0,0
1778504068910,6,POST Login-1,302,,Calendar Day Users 1-2,,true,,356,292,8,8,http://localhost:8080/,6,0,0
1778504068916,35,POST Login-2,200,,Calendar Day Users 1-2,text,true,,36848,301,8,8,http://localhost:8080/dashboard,15,0,0
1778504068933,29,GET Login Page,200,,Calendar Day Users 1-8,text,true,,21823,244,9,9,http://localhost:8080/login,28,0,0
1778504068933,30,GET Login Page,200,,Calendar Day Users 1-7,text,true,,21823,244,9,9,http://localhost:8080/login,28,0,0
1778504068890,75,GET Calendar Day,200,,Calendar Day Users 1-6,text,true,,88919,315,9,9,http://localhost:8080/calendar/day/2026-01-20,42,0,0
1778504068898,68,GET Calendar Day,200,,Calendar Day Users 1-3,text,true,,88919,315,9,9,http://localhost:8080/calendar/day/2026-01-20,53,0,0
1778504068897,71,GET Calendar Day,200,,Calendar Day Users 1-5,text,true,,88919,315,8,8,http://localhost:8080/calendar/day/2026-01-20,54,0,0
1778504068900,72,GET Calendar Day,200,,Calendar Day Users 1-1,text,true,,88919,315,8,8,http://localhost:8080/calendar/day/2026-01-20,54,0,0
1778504068901,73,GET Calendar Day,200,,Calendar Day Users 1-4,text,true,,88919,315,7,7,http://localhost:8080/calendar/day/2026-01-20,59,0,0
1778504068961,15,GET Login Page,200,,Calendar Day Users 1-9,text,true,,21823,244,6,6,http://localhost:8080/login,14,0,1
1778504068966,13,GET Login Page,200,,Calendar Day Users 1-6,text,true,,21823,244,6,6,http://localhost:8080/login,12,0,0
1778504068969,12,GET Login Page,200,,Calendar Day Users 1-5,text,true,,21823,244,6,6,http://localhost:8080/login,11,0,0
1778504068952,43,GET Calendar Day,200,,Calendar Day Users 1-2,text,true,,88919,315,6,6,http://localhost:8080/calendar/day/2026-01-20,33,0,0
1778504068963,96,POST Login,200,,Calendar Day Users 1-8,text,true,,37604,1048,5,5,http://localhost:8080/dashboard,73,0,0
1778504068963,73,POST Login-0,302,,Calendar Day Users 1-8,,true,,400,455,5,5,http://localhost:8080/login,73,0,0
1778504069037,3,POST Login-1,302,,Calendar Day Users 1-8,,true,,356,292,5,5,http://localhost:8080/,3,0,0
1778504069040,19,POST Login-2,200,,Calendar Day Users 1-8,text,true,,36848,301,5,5,http://localhost:8080/dashboard,14,0,0
1778504068963,97,POST Login,200,,Calendar Day Users 1-7,text,true,,37604,1048,5,5,http://localhost:8080/dashboard,71,0,0
1778504068963,71,POST Login-0,302,,Calendar Day Users 1-7,,true,,400,455,5,5,http://localhost:8080/login,71,0,0
1778504069035,4,POST Login-1,302,,Calendar Day Users 1-7,,true,,356,292,5,5,http://localhost:8080/,3,0,0
1778504069039,21,POST Login-2,200,,Calendar Day Users 1-7,text,true,,36848,301,5,5,http://localhost:8080/dashboard,17,0,0
1778504068976,96,POST Login,200,,Calendar Day Users 1-9,text,true,,37604,1048,5,5,http://localhost:8080/dashboard,74,0,0
1778504068976,74,POST Login-0,302,,Calendar Day Users 1-9,,true,,400,455,5,5,http://localhost:8080/login,74,0,0
1778504069050,4,POST Login-1,302,,Calendar Day Users 1-9,,true,,356,292,5,5,http://localhost:8080/,4,0,0
1778504069054,18,POST Login-2,200,,Calendar Day Users 1-9,text,true,,36848,301,5,5,http://localhost:8080/dashboard,14,0,0
1778504068982,90,POST Login,200,,Calendar Day Users 1-5,text,true,,37604,1048,5,5,http://localhost:8080/dashboard,68,0,0
1778504068982,68,POST Login-0,302,,Calendar Day Users 1-5,,true,,400,455,5,5,http://localhost:8080/login,68,0,0
1778504069050,4,POST Login-1,302,,Calendar Day Users 1-5,,true,,356,292,5,5,http://localhost:8080/,4,0,0
1778504069054,18,POST Login-2,200,,Calendar Day Users 1-5,text,true,,36848,301,5,5,http://localhost:8080/dashboard,14,0,0
1778504068980,96,POST Login,200,,Calendar Day Users 1-6,text,true,,37604,1048,5,5,http://localhost:8080/dashboard,72,0,0
1778504068980,72,POST Login-0,302,,Calendar Day Users 1-6,,true,,400,455,5,5,http://localhost:8080/login,72,0,0
1778504069053,4,POST Login-1,302,,Calendar Day Users 1-6,,true,,356,292,5,5,http://localhost:8080/,4,0,0
1778504069057,19,POST Login-2,200,,Calendar Day Users 1-6,text,true,,36848,301,5,5,http://localhost:8080/dashboard,14,0,0
1778504069059,41,GET Calendar Day,200,,Calendar Day Users 1-8,text,true,,88919,315,5,5,http://localhost:8080/calendar/day/2026-01-20,30,0,0
1778504069061,40,GET Calendar Day,200,,Calendar Day Users 1-7,text,true,,88919,315,5,5,http://localhost:8080/calendar/day/2026-01-20,29,0,0
1778504069072,34,GET Calendar Day,200,,Calendar Day Users 1-9,text,true,,88919,315,5,5,http://localhost:8080/calendar/day/2026-01-20,25,0,0
1778504069072,38,GET Calendar Day,200,,Calendar Day Users 1-5,text,true,,88919,315,5,5,http://localhost:8080/calendar/day/2026-01-20,29,0,0
1778504069101,9,GET Login Page,200,,Calendar Day Users 1-8,text,true,,21823,244,5,5,http://localhost:8080/login,9,0,0
1778504069076,36,GET Calendar Day,200,,Calendar Day Users 1-6,text,true,,88919,315,4,4,http://localhost:8080/calendar/day/2026-01-20,25,0,0
1778504069102,11,GET Login Page,200,,Calendar Day Users 1-7,text,true,,21823,244,4,4,http://localhost:8080/login,10,0,0
1778504069107,14,GET Login Page,200,,Calendar Day Users 1-9,text,true,,21823,244,4,4,http://localhost:8080/login,12,0,0
1778504069113,10,GET Login Page,200,,Calendar Day Users 1-6,text,true,,21823,244,4,4,http://localhost:8080/login,8,0,0
1778504069160,10,GET Login Page,200,,Calendar Day Users 1-10,text,true,,21823,244,5,5,http://localhost:8080/login,9,0,1
1778504069111,84,POST Login,200,,Calendar Day Users 1-8,text,true,,37604,1048,5,5,http://localhost:8080/dashboard,65,0,0
1778504069111,65,POST Login-0,302,,Calendar Day Users 1-8,,true,,400,455,5,5,http://localhost:8080/login,65,0,0
1778504069176,3,POST Login-1,302,,Calendar Day Users 1-8,,true,,356,292,5,5,http://localhost:8080/,3,0,0
1778504069179,16,POST Login-2,200,,Calendar Day Users 1-8,text,true,,36848,301,5,5,http://localhost:8080/dashboard,12,0,0
1778504069114,87,POST Login,200,,Calendar Day Users 1-7,text,true,,37604,1048,5,5,http://localhost:8080/dashboard,66,0,0
1778504069114,66,POST Login-0,302,,Calendar Day Users 1-7,,true,,400,455,5,5,http://localhost:8080/login,66,0,0
1778504069180,3,POST Login-1,302,,Calendar Day Users 1-7,,true,,356,292,5,5,http://localhost:8080/,3,0,0
1778504069183,18,POST Login-2,200,,Calendar Day Users 1-7,text,true,,36848,301,5,5,http://localhost:8080/dashboard,13,0,0
1778504069124,87,POST Login,200,,Calendar Day Users 1-6,text,true,,37604,1048,5,5,http://localhost:8080/dashboard,68,0,0
1778504069124,68,POST Login-0,302,,Calendar Day Users 1-6,,true,,400,455,5,5,http://localhost:8080/login,68,0,0
1778504069192,3,POST Login-1,302,,Calendar Day Users 1-6,,true,,356,292,5,5,http://localhost:8080/,3,0,0
1778504069195,16,POST Login-2,200,,Calendar Day Users 1-6,text,true,,36848,301,5,5,http://localhost:8080/dashboard,13,0,0
1778504069122,90,POST Login,200,,Calendar Day Users 1-9,text,true,,37604,1048,5,5,http://localhost:8080/dashboard,71,0,0
1778504069122,71,POST Login-0,302,,Calendar Day Users 1-9,,true,,400,455,5,5,http://localhost:8080/login,71,0,0
1778504069193,2,POST Login-1,302,,Calendar Day Users 1-9,,true,,356,292,5,5,http://localhost:8080/,2,0,0
1778504069195,17,POST Login-2,200,,Calendar Day Users 1-9,text,true,,36848,301,5,5,http://localhost:8080/dashboard,14,0,0
1778504069196,33,GET Calendar Day,200,,Calendar Day Users 1-8,text,true,,88919,315,5,5,http://localhost:8080/calendar/day/2026-01-20,24,0,0
1778504069202,31,GET Calendar Day,200,,Calendar Day Users 1-7,text,true,,88919,315,5,5,http://localhost:8080/calendar/day/2026-01-20,23,0,0
1778504069212,29,GET Calendar Day,200,,Calendar Day Users 1-9,text,true,,88919,315,5,5,http://localhost:8080/calendar/day/2026-01-20,20,0,0
1778504069230,12,GET Login Page,200,,Calendar Day Users 1-8,text,true,,21823,244,5,5,http://localhost:8080/login,11,0,0
1778504069212,31,GET Calendar Day,200,,Calendar Day Users 1-6,text,true,,88919,315,5,5,http://localhost:8080/calendar/day/2026-01-20,22,0,0
1778504069234,9,GET Login Page,200,,Calendar Day Users 1-7,text,true,,21823,244,5,5,http://localhost:8080/login,9,0,0
1778504069241,10,GET Login Page,200,,Calendar Day Users 1-9,text,true,,21823,244,4,4,http://localhost:8080/login,9,0,0
1778504069171,84,POST Login,200,,Calendar Day Users 1-10,text,true,,37604,1048,4,4,http://localhost:8080/dashboard,69,0,0
1778504069171,69,POST Login-0,302,,Calendar Day Users 1-10,,true,,400,455,4,4,http://localhost:8080/login,69,0,0
1778504069241,2,POST Login-1,302,,Calendar Day Users 1-10,,true,,356,292,4,4,http://localhost:8080/,2,0,0
1778504069243,12,POST Login-2,200,,Calendar Day Users 1-10,text,true,,36848,301,4,4,http://localhost:8080/dashboard,9,0,0
1778504069256,26,GET Calendar Day,200,,Calendar Day Users 1-10,text,true,,88919,315,4,4,http://localhost:8080/calendar/day/2026-01-20,18,0,0
1778504069283,9,GET Login Page,200,,Calendar Day Users 1-10,text,true,,21823,244,4,4,http://localhost:8080/login,9,0,0
1778504069243,81,POST Login,200,,Calendar Day Users 1-8,text,true,,37604,1048,4,4,http://localhost:8080/dashboard,65,0,0
1778504069243,65,POST Login-0,302,,Calendar Day Users 1-8,,true,,400,455,4,4,http://localhost:8080/login,65,0,0
1778504069308,3,POST Login-1,302,,Calendar Day Users 1-8,,true,,356,292,4,4,http://localhost:8080/,3,0,0
1778504069311,13,POST Login-2,200,,Calendar Day Users 1-8,text,true,,36848,301,4,4,http://localhost:8080/dashboard,10,0,0
1778504069243,83,POST Login,200,,Calendar Day Users 1-7,text,true,,37604,1048,4,4,http://localhost:8080/dashboard,65,0,0
1778504069243,65,POST Login-0,302,,Calendar Day Users 1-7,,true,,400,455,4,4,http://localhost:8080/login,65,0,0
1778504069308,3,POST Login-1,302,,Calendar Day Users 1-7,,true,,356,292,4,4,http://localhost:8080/,3,0,0
1778504069311,15,POST Login-2,200,,Calendar Day Users 1-7,text,true,,36848,301,4,4,http://localhost:8080/dashboard,12,0,0
1778504069252,85,POST Login,200,,Calendar Day Users 1-9,text,true,,37604,1048,4,4,http://localhost:8080/dashboard,66,0,0
1778504069252,66,POST Login-0,302,,Calendar Day Users 1-9,,true,,400,455,4,4,http://localhost:8080/login,66,0,0
1778504069318,3,POST Login-1,302,,Calendar Day Users 1-9,,true,,356,292,4,4,http://localhost:8080/,3,0,0
1778504069321,16,POST Login-2,200,,Calendar Day Users 1-9,text,true,,36848,301,4,4,http://localhost:8080/dashboard,12,0,0
1778504069325,32,GET Calendar Day,200,,Calendar Day Users 1-8,text,true,,88919,315,4,4,http://localhost:8080/calendar/day/2026-01-20,23,0,0
1778504069326,32,GET Calendar Day,200,,Calendar Day Users 1-7,text,true,,88919,315,4,4,http://localhost:8080/calendar/day/2026-01-20,21,0,0
1778504069358,13,GET Login Page,200,,Calendar Day Users 1-8,text,true,,21823,244,4,4,http://localhost:8080/login,12,0,0
1778504069360,14,GET Login Page,200,,Calendar Day Users 1-11,text,true,,21823,244,4,4,http://localhost:8080/login,13,0,1
1778504069337,40,GET Calendar Day,200,,Calendar Day Users 1-9,text,true,,88919,315,4,4,http://localhost:8080/calendar/day/2026-01-20,28,0,0
1778504069293,89,POST Login,200,,Calendar Day Users 1-10,text,true,,37604,1048,4,4,http://localhost:8080/dashboard,68,0,0
1778504069293,68,POST Login-0,302,,Calendar Day Users 1-10,,true,,400,455,4,4,http://localhost:8080/login,68,0,0
1778504069362,3,POST Login-1,302,,Calendar Day Users 1-10,,true,,356,292,4,4,http://localhost:8080/,3,0,0
1778504069365,17,POST Login-2,200,,Calendar Day Users 1-10,text,true,,36848,301,4,4,http://localhost:8080/dashboard,12,0,0
1778504069378,11,GET Login Page,200,,Calendar Day Users 1-9,text,true,,21823,244,4,4,http://localhost:8080/login,10,0,0
1778504069382,31,GET Calendar Day,200,,Calendar Day Users 1-10,text,true,,88919,315,4,4,http://localhost:8080/calendar/day/2026-01-20,21,0,0
1778504069413,11,GET Login Page,200,,Calendar Day Users 1-10,text,true,,21823,244,4,4,http://localhost:8080/login,10,0,0
1778504069371,83,POST Login,200,,Calendar Day Users 1-8,text,true,,37604,1048,4,4,http://localhost:8080/dashboard,67,0,0
1778504069371,67,POST Login-0,302,,Calendar Day Users 1-8,,true,,400,455,4,4,http://localhost:8080/login,67,0,0
1778504069438,3,POST Login-1,302,,Calendar Day Users 1-8,,true,,356,292,4,4,http://localhost:8080/,3,0,0
1778504069441,13,POST Login-2,200,,Calendar Day Users 1-8,text,true,,36848,301,4,4,http://localhost:8080/dashboard,10,0,0
1778504069375,82,POST Login,200,,Calendar Day Users 1-11,text,true,,37604,1048,4,4,http://localhost:8080/dashboard,65,0,0
1778504069375,65,POST Login-0,302,,Calendar Day Users 1-11,,true,,400,455,4,4,http://localhost:8080/login,65,0,0
1778504069440,4,POST Login-1,302,,Calendar Day Users 1-11,,true,,356,292,4,4,http://localhost:8080/,4,0,0
1778504069444,13,POST Login-2,200,,Calendar Day Users 1-11,text,true,,36848,301,4,4,http://localhost:8080/dashboard,10,0,0
1778504069389,81,POST Login,200,,Calendar Day Users 1-9,text,true,,37604,1048,4,4,http://localhost:8080/dashboard,65,0,0
1778504069389,65,POST Login-0,302,,Calendar Day Users 1-9,,true,,400,455,4,4,http://localhost:8080/login,65,0,0
1778504069454,2,POST Login-1,302,,Calendar Day Users 1-9,,true,,356,292,4,4,http://localhost:8080/,2,0,0
1778504069456,14,POST Login-2,200,,Calendar Day Users 1-9,text,true,,36848,301,4,4,http://localhost:8080/dashboard,11,0,0
1778504069457,26,GET Calendar Day,200,,Calendar Day Users 1-11,text,true,,88919,315,4,4,http://localhost:8080/calendar/day/2026-01-20,18,0,0
1778504069454,29,GET Calendar Day,200,,Calendar Day Users 1-8,text,true,,88919,315,4,4,http://localhost:8080/calendar/day/2026-01-20,21,0,0
1778504069484,14,GET Login Page,200,,Calendar Day Users 1-11,text,true,,21823,244,3,3,http://localhost:8080/login,9,0,0
1778504069470,34,GET Calendar Day,200,,Calendar Day Users 1-9,text,true,,88919,315,3,3,http://localhost:8080/calendar/day/2026-01-20,21,0,0
1778504069425,86,POST Login,200,,Calendar Day Users 1-10,text,true,,37604,1048,3,3,http://localhost:8080/dashboard,65,0,0
1778504069425,65,POST Login-0,302,,Calendar Day Users 1-10,,true,,400,455,3,3,http://localhost:8080/login,65,0,0
1778504069491,2,POST Login-1,302,,Calendar Day Users 1-10,,true,,356,292,3,3,http://localhost:8080/,2,0,0
1778504069493,18,POST Login-2,200,,Calendar Day Users 1-10,text,true,,36848,301,3,3,http://localhost:8080/dashboard,15,0,0
1778504069505,9,GET Login Page,200,,Calendar Day Users 1-9,text,true,,21823,244,3,3,http://localhost:8080/login,9,0,0
1778504069512,25,GET Calendar Day,200,,Calendar Day Users 1-10,text,true,,88919,315,3,3,http://localhost:8080/calendar/day/2026-01-20,17,0,0
1778504069537,9,GET Login Page,200,,Calendar Day Users 1-10,text,true,,21823,244,3,3,http://localhost:8080/login,9,0,0
1778504069559,10,GET Login Page,200,,Calendar Day Users 1-12,text,true,,21823,244,4,4,http://localhost:8080/login,10,0,1
1778504069498,77,POST Login,200,,Calendar Day Users 1-11,text,true,,37604,1048,4,4,http://localhost:8080/dashboard,63,0,0
1778504069498,63,POST Login-0,302,,Calendar Day Users 1-11,,true,,400,455,4,4,http://localhost:8080/login,63,0,0
1778504069561,2,POST Login-1,302,,Calendar Day Users 1-11,,true,,356,292,4,4,http://localhost:8080/,2,0,0
1778504069563,12,POST Login-2,200,,Calendar Day Users 1-11,text,true,,36848,301,4,4,http://localhost:8080/dashboard,9,0,0
1778504069515,80,POST Login,200,,Calendar Day Users 1-9,text,true,,37604,1048,4,4,http://localhost:8080/dashboard,64,0,0
1778504069515,64,POST Login-0,302,,Calendar Day Users 1-9,,true,,400,455,4,4,http://localhost:8080/login,64,0,0
1778504069579,3,POST Login-1,302,,Calendar Day Users 1-9,,true,,356,292,4,4,http://localhost:8080/,3,0,0
1778504069582,13,POST Login-2,200,,Calendar Day Users 1-9,text,true,,36848,301,4,4,http://localhost:8080/dashboard,10,0,0
1778504069575,33,GET Calendar Day,200,,Calendar Day Users 1-11,text,true,,88919,315,4,4,http://localhost:8080/calendar/day/2026-01-20,23,0,0
1778504069610,13,GET Login Page,200,,Calendar Day Users 1-11,text,true,,21823,244,4,4,http://localhost:8080/login,12,0,0
1778504069596,35,GET Calendar Day,200,,Calendar Day Users 1-9,text,true,,88919,315,4,4,http://localhost:8080/calendar/day/2026-01-20,21,0,0
1778504069547,88,POST Login,200,,Calendar Day Users 1-10,text,true,,37604,1048,3,3,http://localhost:8080/dashboard,66,0,0
1778504069547,66,POST Login-0,302,,Calendar Day Users 1-10,,true,,400,455,3,3,http://localhost:8080/login,66,0,0
1778504069614,2,POST Login-1,302,,Calendar Day Users 1-10,,true,,356,292,3,3,http://localhost:8080/,2,0,0
1778504069616,19,POST Login-2,200,,Calendar Day Users 1-10,text,true,,36848,301,3,3,http://localhost:8080/dashboard,15,0,0
1778504069570,93,POST Login,200,,Calendar Day Users 1-12,text,true,,37604,1048,3,3,http://localhost:8080/dashboard,72,0,0
1778504069570,72,POST Login-0,302,,Calendar Day Users 1-12,,true,,400,455,3,3,http://localhost:8080/login,72,0,0
1778504069642,4,POST Login-1,302,,Calendar Day Users 1-12,,true,,356,292,3,3,http://localhost:8080/,4,0,0
1778504069646,17,POST Login-2,200,,Calendar Day Users 1-12,text,true,,36848,301,3,3,http://localhost:8080/dashboard,13,0,0
1778504069636,40,GET Calendar Day,200,,Calendar Day Users 1-10,text,true,,88919,315,3,3,http://localhost:8080/calendar/day/2026-01-20,28,0,0
1778504069677,13,GET Login Page,200,,Calendar Day Users 1-10,text,true,,21823,244,3,3,http://localhost:8080/login,12,0,0
1778504069664,37,GET Calendar Day,200,,Calendar Day Users 1-12,text,true,,88919,315,3,3,http://localhost:8080/calendar/day/2026-01-20,25,0,0
1778504069702,11,GET Login Page,200,,Calendar Day Users 1-12,text,true,,21823,244,3,3,http://localhost:8080/login,10,0,0
1778504069624,93,POST Login,200,,Calendar Day Users 1-11,text,true,,37604,1048,3,3,http://localhost:8080/dashboard,73,0,0
1778504069624,73,POST Login-0,302,,Calendar Day Users 1-11,,true,,400,455,3,3,http://localhost:8080/login,73,0,0
1778504069697,3,POST Login-1,302,,Calendar Day Users 1-11,,true,,356,292,3,3,http://localhost:8080/,3,0,0
1778504069700,17,POST Login-2,200,,Calendar Day Users 1-11,text,true,,36848,301,3,3,http://localhost:8080/dashboard,11,0,0
1778504069717,30,GET Calendar Day,200,,Calendar Day Users 1-11,text,true,,88919,315,3,3,http://localhost:8080/calendar/day/2026-01-20,21,0,0
1778504069748,11,GET Login Page,200,,Calendar Day Users 1-11,text,true,,21823,244,4,4,http://localhost:8080/login,10,0,0
1778504069760,15,GET Login Page,200,,Calendar Day Users 1-13,text,true,,21823,244,4,4,http://localhost:8080/login,14,0,0
1778504069691,90,POST Login,200,,Calendar Day Users 1-10,text,true,,37604,1048,4,4,http://localhost:8080/dashboard,69,0,0
1778504069691,69,POST Login-0,302,,Calendar Day Users 1-10,,true,,400,455,4,4,http://localhost:8080/login,69,0,0
1778504069760,2,POST Login-1,302,,Calendar Day Users 1-10,,true,,356,292,4,4,http://localhost:8080/,2,0,0
1778504069763,18,POST Login-2,200,,Calendar Day Users 1-10,text,true,,36848,301,4,4,http://localhost:8080/dashboard,13,0,0
1778504069714,87,POST Login,200,,Calendar Day Users 1-12,text,true,,37604,1048,4,4,http://localhost:8080/dashboard,69,0,0
1778504069714,69,POST Login-0,302,,Calendar Day Users 1-12,,true,,400,455,4,4,http://localhost:8080/login,69,0,0
1778504069783,2,POST Login-1,302,,Calendar Day Users 1-12,,true,,356,292,4,4,http://localhost:8080/,2,0,0
1778504069786,15,POST Login-2,200,,Calendar Day Users 1-12,text,true,,36848,301,4,4,http://localhost:8080/dashboard,11,0,0
1778504069781,34,GET Calendar Day,200,,Calendar Day Users 1-10,text,true,,88919,315,4,4,http://localhost:8080/calendar/day/2026-01-20,24,0,0
1778504069802,37,GET Calendar Day,200,,Calendar Day Users 1-12,text,true,,88919,315,3,3,http://localhost:8080/calendar/day/2026-01-20,22,0,0
1778504069759,85,POST Login,200,,Calendar Day Users 1-11,text,true,,37604,1048,3,3,http://localhost:8080/dashboard,69,0,0
1778504069759,69,POST Login-0,302,,Calendar Day Users 1-11,,true,,400,455,3,3,http://localhost:8080/login,69,0,0
1778504069829,2,POST Login-1,302,,Calendar Day Users 1-11,,true,,356,292,3,3,http://localhost:8080/,2,0,0
1778504069831,13,POST Login-2,200,,Calendar Day Users 1-11,text,true,,36848,301,3,3,http://localhost:8080/dashboard,10,0,0
1778504069840,12,GET Login Page,200,,Calendar Day Users 1-12,text,true,,21823,244,3,3,http://localhost:8080/login,11,0,0
1778504069776,84,POST Login,200,,Calendar Day Users 1-13,text,true,,37604,1048,3,3,http://localhost:8080/dashboard,68,0,0
1778504069776,68,POST Login-0,302,,Calendar Day Users 1-13,,true,,400,455,3,3,http://localhost:8080/login,68,0,0
1778504069844,2,POST Login-1,302,,Calendar Day Users 1-13,,true,,356,292,3,3,http://localhost:8080/,2,0,0
1778504069847,13,POST Login-2,200,,Calendar Day Users 1-13,text,true,,36848,301,3,3,http://localhost:8080/dashboard,9,0,0
1778504069844,36,GET Calendar Day,200,,Calendar Day Users 1-11,text,true,,88919,315,3,3,http://localhost:8080/calendar/day/2026-01-20,21,0,0
1778504069881,8,GET Login Page,200,,Calendar Day Users 1-11,text,true,,21823,244,3,3,http://localhost:8080/login,7,0,0
1778504069861,35,GET Calendar Day,200,,Calendar Day Users 1-13,text,true,,88919,315,3,3,http://localhost:8080/calendar/day/2026-01-20,25,0,0
1778504069897,10,GET Login Page,200,,Calendar Day Users 1-13,text,true,,21823,244,3,3,http://localhost:8080/login,9,0,0
1778504069852,82,POST Login,200,,Calendar Day Users 1-12,text,true,,37604,1048,3,3,http://localhost:8080/dashboard,67,0,0
1778504069852,67,POST Login-0,302,,Calendar Day Users 1-12,,true,,400,455,3,3,http://localhost:8080/login,67,0,0
1778504069920,1,POST Login-1,302,,Calendar Day Users 1-12,,true,,356,292,3,3,http://localhost:8080/,1,0,0
1778504069922,12,POST Login-2,200,,Calendar Day Users 1-12,text,true,,36848,301,3,3,http://localhost:8080/dashboard,9,0,0
1778504069935,32,GET Calendar Day,200,,Calendar Day Users 1-12,text,true,,88919,315,4,4,http://localhost:8080/calendar/day/2026-01-20,21,0,0
1778504069958,13,GET Login Page,200,,Calendar Day Users 1-14,text,true,,21823,244,4,4,http://localhost:8080/login,12,0,0
1778504069890,84,POST Login,200,,Calendar Day Users 1-11,text,true,,37604,1048,4,4,http://localhost:8080/dashboard,66,0,0
1778504069890,66,POST Login-0,302,,Calendar Day Users 1-11,,true,,400,455,4,4,http://localhost:8080/login,66,0,0
1778504069957,2,POST Login-1,302,,Calendar Day Users 1-11,,true,,356,292,4,4,http://localhost:8080/,2,0,0
1778504069959,15,POST Login-2,200,,Calendar Day Users 1-11,text,true,,36848,301,4,4,http://localhost:8080/dashboard,12,0,0
1778504069967,11,GET Login Page,200,,Calendar Day Users 1-12,text,true,,21823,244,4,4,http://localhost:8080/login,10,0,0
1778504069907,81,POST Login,200,,Calendar Day Users 1-13,text,true,,37604,1048,4,4,http://localhost:8080/dashboard,68,0,0
1778504069907,68,POST Login-0,302,,Calendar Day Users 1-13,,true,,400,455,4,4,http://localhost:8080/login,68,0,0
1778504069975,2,POST Login-1,302,,Calendar Day Users 1-13,,true,,356,292,4,4,http://localhost:8080/,2,0,0
1778504069977,11,POST Login-2,200,,Calendar Day Users 1-13,text,true,,36848,301,4,4,http://localhost:8080/dashboard,9,0,0
1778504069975,32,GET Calendar Day,200,,Calendar Day Users 1-11,text,true,,88919,315,4,4,http://localhost:8080/calendar/day/2026-01-20,19,0,0
1778504069989,31,GET Calendar Day,200,,Calendar Day Users 1-13,text,true,,88919,315,3,3,http://localhost:8080/calendar/day/2026-01-20,22,0,0
1778504070021,10,GET Login Page,200,,Calendar Day Users 1-13,text,true,,21823,244,3,3,http://localhost:8080/login,9,0,0
1778504069978,79,POST Login,200,,Calendar Day Users 1-12,text,true,,37604,1048,3,3,http://localhost:8080/dashboard,65,0,0
1778504069971,86,POST Login,200,,Calendar Day Users 1-14,text,true,,37604,1048,3,3,http://localhost:8080/dashboard,70,0,0
1778504069978,65,POST Login-0,302,,Calendar Day Users 1-12,,true,,400,455,3,3,http://localhost:8080/login,65,0,0
1778504069971,70,POST Login-0,302,,Calendar Day Users 1-14,,true,,400,455,3,3,http://localhost:8080/login,70,0,0
1778504070043,2,POST Login-1,302,,Calendar Day Users 1-12,,true,,356,292,3,3,http://localhost:8080/,2,0,0
1778504070041,2,POST Login-1,302,,Calendar Day Users 1-14,,true,,356,292,3,3,http://localhost:8080/,2,0,0
1778504070045,12,POST Login-2,200,,Calendar Day Users 1-12,text,true,,36848,301,3,3,http://localhost:8080/dashboard,9,0,0
1778504070044,13,POST Login-2,200,,Calendar Day Users 1-14,text,true,,36848,301,3,3,http://localhost:8080/dashboard,10,0,0
1778504070058,29,GET Calendar Day,200,,Calendar Day Users 1-12,text,true,,88919,315,3,3,http://localhost:8080/calendar/day/2026-01-20,19,0,0
1778504070058,31,GET Calendar Day,200,,Calendar Day Users 1-14,text,true,,88919,315,3,3,http://localhost:8080/calendar/day/2026-01-20,19,0,0
1778504070088,9,GET Login Page,200,,Calendar Day Users 1-12,text,true,,21823,244,3,3,http://localhost:8080/login,8,0,0
1778504070090,8,GET Login Page,200,,Calendar Day Users 1-14,text,true,,21823,244,3,3,http://localhost:8080/login,7,0,0
1778504070031,81,POST Login,200,,Calendar Day Users 1-13,text,true,,37604,1048,3,3,http://localhost:8080/dashboard,67,0,0
1778504070031,67,POST Login-0,302,,Calendar Day Users 1-13,,true,,400,455,3,3,http://localhost:8080/login,67,0,0
1778504070098,2,POST Login-1,302,,Calendar Day Users 1-13,,true,,356,292,3,3,http://localhost:8080/,2,0,0
1778504070101,11,POST Login-2,200,,Calendar Day Users 1-13,text,true,,36848,301,3,3,http://localhost:8080/dashboard,9,0,0
1778504070113,34,GET Calendar Day,200,,Calendar Day Users 1-13,text,true,,88919,315,3,3,http://localhost:8080/calendar/day/2026-01-20,24,0,0
1778504070148,10,GET Login Page,200,,Calendar Day Users 1-13,text,true,,21823,244,4,4,http://localhost:8080/login,9,0,0
1778504070158,23,GET Login Page,200,,Calendar Day Users 1-15,text,true,,21823,244,4,4,http://localhost:8080/login,22,0,1
1778504070098,101,POST Login,200,,Calendar Day Users 1-12,text,true,,37604,1048,4,4,http://localhost:8080/dashboard,70,0,0
1778504070098,70,POST Login-0,302,,Calendar Day Users 1-12,,true,,400,455,4,4,http://localhost:8080/login,70,0,0
1778504070099,100,POST Login,200,,Calendar Day Users 1-14,text,true,,37604,1048,4,4,http://localhost:8080/dashboard,69,0,0
1778504070169,3,POST Login-1,302,,Calendar Day Users 1-12,,true,,356,292,4,4,http://localhost:8080/,3,0,0
1778504070099,69,POST Login-0,302,,Calendar Day Users 1-14,,true,,400,455,4,4,http://localhost:8080/login,69,0,0
1778504070172,27,POST Login-2,200,,Calendar Day Users 1-12,text,true,,36848,301,4,4,http://localhost:8080/dashboard,14,0,0
1778504070168,4,POST Login-1,302,,Calendar Day Users 1-14,,true,,356,292,4,4,http://localhost:8080/,4,0,0
1778504070172,27,POST Login-2,200,,Calendar Day Users 1-14,text,true,,36848,301,4,4,http://localhost:8080/dashboard,14,0,0
1778504070199,40,GET Calendar Day,200,,Calendar Day Users 1-12,text,true,,88919,315,4,4,http://localhost:8080/calendar/day/2026-01-20,31,0,0
1778504070199,41,GET Calendar Day,200,,Calendar Day Users 1-14,text,true,,88919,315,3,3,http://localhost:8080/calendar/day/2026-01-20,32,0,0
1778504070241,11,GET Login Page,200,,Calendar Day Users 1-14,text,true,,21823,244,3,3,http://localhost:8080/login,11,0,0
1778504070159,102,POST Login,200,,Calendar Day Users 1-13,text,true,,37604,1048,3,3,http://localhost:8080/dashboard,81,0,0
1778504070159,81,POST Login-0,302,,Calendar Day Users 1-13,,true,,400,455,3,3,http://localhost:8080/login,81,0,0
1778504070240,4,POST Login-1,302,,Calendar Day Users 1-13,,true,,356,292,3,3,http://localhost:8080/,4,0,0
1778504070244,17,POST Login-2,200,,Calendar Day Users 1-13,text,true,,36848,301,3,3,http://localhost:8080/dashboard,12,0,0
1778504070182,90,POST Login,200,,Calendar Day Users 1-15,text,true,,37604,1048,3,3,http://localhost:8080/dashboard,74,0,0
1778504070182,74,POST Login-0,302,,Calendar Day Users 1-15,,true,,400,455,3,3,http://localhost:8080/login,74,0,0
1778504070256,3,POST Login-1,302,,Calendar Day Users 1-15,,true,,356,292,3,3,http://localhost:8080/,3,0,0
1778504070259,13,POST Login-2,200,,Calendar Day Users 1-15,text,true,,36848,301,3,3,http://localhost:8080/dashboard,10,0,0
1778504070261,32,GET Calendar Day,200,,Calendar Day Users 1-13,text,true,,88919,315,3,3,http://localhost:8080/calendar/day/2026-01-20,23,0,0
1778504070272,27,GET Calendar Day,200,,Calendar Day Users 1-15,text,true,,88919,315,3,3,http://localhost:8080/calendar/day/2026-01-20,19,0,0
1778504070294,8,GET Login Page,200,,Calendar Day Users 1-13,text,true,,21823,244,3,3,http://localhost:8080/login,8,0,0
1778504070300,10,GET Login Page,200,,Calendar Day Users 1-15,text,true,,21823,244,3,3,http://localhost:8080/login,9,0,0
1778504070253,76,POST Login,200,,Calendar Day Users 1-14,text,true,,37604,1048,3,3,http://localhost:8080/dashboard,63,0,0
1778504070253,63,POST Login-0,302,,Calendar Day Users 1-14,,true,,400,455,3,3,http://localhost:8080/login,63,0,0
1778504070316,2,POST Login-1,302,,Calendar Day Users 1-14,,true,,356,292,3,3,http://localhost:8080/,2,0,0
1778504070318,11,POST Login-2,200,,Calendar Day Users 1-14,text,true,,36848,301,3,3,http://localhost:8080/dashboard,8,0,0
1778504070330,27,GET Calendar Day,200,,Calendar Day Users 1-14,text,true,,88919,315,3,3,http://localhost:8080/calendar/day/2026-01-20,17,0,0
1778504070357,10,GET Login Page,200,,Calendar Day Users 1-14,text,true,,21823,244,4,4,http://localhost:8080/login,9,0,0
1778504070361,11,GET Login Page,200,,Calendar Day Users 1-16,text,true,,21823,244,4,4,http://localhost:8080/login,10,0,1
1778504070303,77,POST Login,200,,Calendar Day Users 1-13,text,true,,37604,1048,4,4,http://localhost:8080/dashboard,63,0,0
1778504070303,63,POST Login-0,302,,Calendar Day Users 1-13,,true,,400,455,4,4,http://localhost:8080/login,63,0,0
1778504070366,3,POST Login-1,302,,Calendar Day Users 1-13,,true,,356,292,4,4,http://localhost:8080/,3,0,0
1778504070369,11,POST Login-2,200,,Calendar Day Users 1-13,text,true,,36848,301,4,4,http://localhost:8080/dashboard,8,0,0
1778504070310,75,POST Login,200,,Calendar Day Users 1-15,text,true,,37604,1048,4,4,http://localhost:8080/dashboard,63,0,0
1778504070310,63,POST Login-0,302,,Calendar Day Users 1-15,,true,,400,455,4,4,http://localhost:8080/login,63,0,0
1778504070373,2,POST Login-1,302,,Calendar Day Users 1-15,,true,,356,292,4,4,http://localhost:8080/,2,0,0
1778504070375,10,POST Login-2,200,,Calendar Day Users 1-15,text,true,,36848,301,4,4,http://localhost:8080/dashboard,8,0,0
1778504070380,24,GET Calendar Day,200,,Calendar Day Users 1-13,text,true,,88919,315,4,4,http://localhost:8080/calendar/day/2026-01-20,16,0,0
1778504070386,23,GET Calendar Day,200,,Calendar Day Users 1-15,text,true,,88919,315,3,3,http://localhost:8080/calendar/day/2026-01-20,15,0,0
1778504070410,9,GET Login Page,200,,Calendar Day Users 1-15,text,true,,21823,244,3,3,http://localhost:8080/login,8,0,0
1778504070367,78,POST Login,200,,Calendar Day Users 1-14,text,true,,37604,1048,3,3,http://localhost:8080/dashboard,65,0,0
1778504070367,65,POST Login-0,302,,Calendar Day Users 1-14,,true,,400,455,3,3,http://localhost:8080/login,65,0,0
1778504070433,1,POST Login-1,302,,Calendar Day Users 1-14,,true,,356,292,3,3,http://localhost:8080/,1,0,0
1778504070434,11,POST Login-2,200,,Calendar Day Users 1-14,text,true,,36848,301,3,3,http://localhost:8080/dashboard,8,0,0
1778504070372,80,POST Login,200,,Calendar Day Users 1-16,text,true,,37604,1048,3,3,http://localhost:8080/dashboard,65,0,0
1778504070372,65,POST Login-0,302,,Calendar Day Users 1-16,,true,,400,455,3,3,http://localhost:8080/login,65,0,0
1778504070437,1,POST Login-1,302,,Calendar Day Users 1-16,,true,,356,292,3,3,http://localhost:8080/,1,0,0
1778504070438,14,POST Login-2,200,,Calendar Day Users 1-16,text,true,,36848,301,3,3,http://localhost:8080/dashboard,9,0,0
1778504070446,27,GET Calendar Day,200,,Calendar Day Users 1-14,text,true,,88919,315,3,3,http://localhost:8080/calendar/day/2026-01-20,19,0,0
1778504070452,27,GET Calendar Day,200,,Calendar Day Users 1-16,text,true,,88919,315,3,3,http://localhost:8080/calendar/day/2026-01-20,18,0,0
1778504070474,9,GET Login Page,200,,Calendar Day Users 1-14,text,true,,21823,244,3,3,http://localhost:8080/login,8,0,0
1778504070479,9,GET Login Page,200,,Calendar Day Users 1-16,text,true,,21823,244,3,3,http://localhost:8080/login,9,0,0
1778504070419,83,POST Login,200,,Calendar Day Users 1-15,text,true,,37604,1048,3,3,http://localhost:8080/dashboard,66,0,0
1778504070419,66,POST Login-0,302,,Calendar Day Users 1-15,,true,,400,455,3,3,http://localhost:8080/login,66,0,0
1778504070486,2,POST Login-1,302,,Calendar Day Users 1-15,,true,,356,292,3,3,http://localhost:8080/,2,0,0
1778504070488,14,POST Login-2,200,,Calendar Day Users 1-15,text,true,,36848,301,3,3,http://localhost:8080/dashboard,11,0,0
1778504070502,28,GET Calendar Day,200,,Calendar Day Users 1-15,text,true,,88919,315,3,3,http://localhost:8080/calendar/day/2026-01-20,19,0,0
1778504070530,8,GET Login Page,200,,Calendar Day Users 1-15,text,true,,21823,244,3,3,http://localhost:8080/login,7,0,0
1778504070484,78,POST Login,200,,Calendar Day Users 1-14,text,true,,37604,1048,4,4,http://localhost:8080/dashboard,66,0,0
1778504070484,66,POST Login-0,302,,Calendar Day Users 1-14,,true,,400,455,4,4,http://localhost:8080/login,66,0,0
1778504070550,2,POST Login-1,302,,Calendar Day Users 1-14,,true,,356,292,4,4,http://localhost:8080/,2,0,0
1778504070552,10,POST Login-2,200,,Calendar Day Users 1-14,text,true,,36848,301,4,4,http://localhost:8080/dashboard,8,0,0
1778504070558,8,GET Login Page,200,,Calendar Day Users 1-17,text,true,,21823,244,4,4,http://localhost:8080/login,8,0,1
1778504070489,78,POST Login,200,,Calendar Day Users 1-16,text,true,,37604,1048,4,4,http://localhost:8080/dashboard,65,0,0
1778504070489,65,POST Login-0,302,,Calendar Day Users 1-16,,true,,400,455,4,4,http://localhost:8080/login,65,0,0
1778504070555,1,POST Login-1,302,,Calendar Day Users 1-16,,true,,356,292,4,4,http://localhost:8080/,1,0,0
1778504070556,11,POST Login-2,200,,Calendar Day Users 1-16,text,true,,36848,301,4,4,http://localhost:8080/dashboard,8,0,0
1778504070563,24,GET Calendar Day,200,,Calendar Day Users 1-14,text,true,,88919,315,4,4,http://localhost:8080/calendar/day/2026-01-20,16,0,0
1778504070567,24,GET Calendar Day,200,,Calendar Day Users 1-16,text,true,,88919,315,3,3,http://localhost:8080/calendar/day/2026-01-20,16,0,0
1778504070592,11,GET Login Page,200,,Calendar Day Users 1-16,text,true,,21823,244,3,3,http://localhost:8080/login,10,0,0
1778504070538,82,POST Login,200,,Calendar Day Users 1-15,text,true,,37604,1048,3,3,http://localhost:8080/dashboard,66,0,0
1778504070538,66,POST Login-0,302,,Calendar Day Users 1-15,,true,,400,455,3,3,http://localhost:8080/login,66,0,0
1778504070605,1,POST Login-1,302,,Calendar Day Users 1-15,,true,,356,292,3,3,http://localhost:8080/,1,0,0
1778504070606,14,POST Login-2,200,,Calendar Day Users 1-15,text,true,,36848,301,3,3,http://localhost:8080/dashboard,10,0,0
1778504070567,88,POST Login,200,,Calendar Day Users 1-17,text,true,,37604,1048,3,3,http://localhost:8080/dashboard,72,0,0
1778504070567,72,POST Login-0,302,,Calendar Day Users 1-17,,true,,400,455,3,3,http://localhost:8080/login,72,0,0
1778504070639,3,POST Login-1,302,,Calendar Day Users 1-17,,true,,356,292,3,3,http://localhost:8080/,3,0,0
1778504070642,13,POST Login-2,200,,Calendar Day Users 1-17,text,true,,36848,301,3,3,http://localhost:8080/dashboard,10,0,0
1778504070621,37,GET Calendar Day,200,,Calendar Day Users 1-15,text,true,,88919,315,3,3,http://localhost:8080/calendar/day/2026-01-20,25,0,0
1778504070659,10,GET Login Page,200,,Calendar Day Users 1-15,text,true,,21823,244,3,3,http://localhost:8080/login,10,0,0
1778504070656,35,GET Calendar Day,200,,Calendar Day Users 1-17,text,true,,88919,315,3,3,http://localhost:8080/calendar/day/2026-01-20,21,0,0
1778504070604,94,POST Login,200,,Calendar Day Users 1-16,text,true,,37604,1048,3,3,http://localhost:8080/dashboard,72,0,0
1778504070604,72,POST Login-0,302,,Calendar Day Users 1-16,,true,,400,455,3,3,http://localhost:8080/login,72,0,0
1778504070677,3,POST Login-1,302,,Calendar Day Users 1-16,,true,,356,292,3,3,http://localhost:8080/,3,0,0
1778504070680,18,POST Login-2,200,,Calendar Day Users 1-16,text,true,,36848,301,3,3,http://localhost:8080/dashboard,13,0,0
1778504070692,11,GET Login Page,200,,Calendar Day Users 1-17,text,true,,21823,244,3,3,http://localhost:8080/login,11,0,0
1778504070699,29,GET Calendar Day,200,,Calendar Day Users 1-16,text,true,,88919,315,3,3,http://localhost:8080/calendar/day/2026-01-20,21,0,0
1778504070729,9,GET Login Page,200,,Calendar Day Users 1-16,text,true,,21823,244,3,3,http://localhost:8080/login,8,0,0
1778504070670,82,POST Login,200,,Calendar Day Users 1-15,text,true,,37604,1048,3,3,http://localhost:8080/dashboard,66,0,0
1778504070670,66,POST Login-0,302,,Calendar Day Users 1-15,,true,,400,455,3,3,http://localhost:8080/login,66,0,0
1778504070736,2,POST Login-1,302,,Calendar Day Users 1-15,,true,,356,292,3,3,http://localhost:8080/,2,0,0
1778504070738,14,POST Login-2,200,,Calendar Day Users 1-15,text,true,,36848,301,3,3,http://localhost:8080/dashboard,10,0,0
1778504070760,8,GET Login Page,200,,Calendar Day Users 1-18,text,true,,21823,244,4,4,http://localhost:8080/login,8,0,0
1778504070752,26,GET Calendar Day,200,,Calendar Day Users 1-15,text,true,,88919,315,4,4,http://localhost:8080/calendar/day/2026-01-20,17,0,0
1778504070704,77,POST Login,200,,Calendar Day Users 1-17,text,true,,37604,1048,3,3,http://localhost:8080/dashboard,64,0,0
1778504070704,64,POST Login-0,302,,Calendar Day Users 1-17,,true,,400,455,3,3,http://localhost:8080/login,64,0,0
1778504070768,3,POST Login-1,302,,Calendar Day Users 1-17,,true,,356,292,3,3,http://localhost:8080/,3,0,0
1778504070771,10,POST Login-2,200,,Calendar Day Users 1-17,text,true,,36848,301,3,3,http://localhost:8080/dashboard,8,0,0
1778504070782,25,GET Calendar Day,200,,Calendar Day Users 1-17,text,true,,88919,315,3,3,http://localhost:8080/calendar/day/2026-01-20,16,0,0
1778504070738,77,POST Login,200,,Calendar Day Users 1-16,text,true,,37604,1048,3,3,http://localhost:8080/dashboard,63,0,0
1778504070738,63,POST Login-0,302,,Calendar Day Users 1-16,,true,,400,455,3,3,http://localhost:8080/login,63,0,0
1778504070802,1,POST Login-1,302,,Calendar Day Users 1-16,,true,,356,292,3,3,http://localhost:8080/,1,0,0
1778504070803,12,POST Login-2,200,,Calendar Day Users 1-16,text,true,,36848,301,3,3,http://localhost:8080/dashboard,8,0,0
1778504070807,8,GET Login Page,200,,Calendar Day Users 1-17,text,true,,21823,244,3,3,http://localhost:8080/login,8,0,0
1778504070815,27,GET Calendar Day,200,,Calendar Day Users 1-16,text,true,,88919,315,3,3,http://localhost:8080/calendar/day/2026-01-20,18,0,0
1778504070769,77,POST Login,200,,Calendar Day Users 1-18,text,true,,37604,1048,3,3,http://localhost:8080/dashboard,64,0,0
1778504070769,64,POST Login-0,302,,Calendar Day Users 1-18,,true,,400,455,3,3,http://localhost:8080/login,64,0,0
1778504070833,2,POST Login-1,302,,Calendar Day Users 1-18,,true,,356,292,3,3,http://localhost:8080/,2,0,0
1778504070835,11,POST Login-2,200,,Calendar Day Users 1-18,text,true,,36848,301,3,3,http://localhost:8080/dashboard,8,0,0
1778504070843,8,GET Login Page,200,,Calendar Day Users 1-16,text,true,,21823,244,3,3,http://localhost:8080/login,7,0,0
1778504070847,27,GET Calendar Day,200,,Calendar Day Users 1-18,text,true,,88919,315,3,3,http://localhost:8080/calendar/day/2026-01-20,18,0,0
1778504070875,9,GET Login Page,200,,Calendar Day Users 1-18,text,true,,21823,244,3,3,http://localhost:8080/login,9,0,0
1778504070816,79,POST Login,200,,Calendar Day Users 1-17,text,true,,37604,1048,3,3,http://localhost:8080/dashboard,64,0,0
1778504070816,64,POST Login-0,302,,Calendar Day Users 1-17,,true,,400,455,3,3,http://localhost:8080/login,64,0,0
1778504070880,1,POST Login-1,302,,Calendar Day Users 1-17,,true,,356,292,3,3,http://localhost:8080/,1,0,0
1778504070881,14,POST Login-2,200,,Calendar Day Users 1-17,text,true,,36848,301,3,3,http://localhost:8080/dashboard,10,0,0
1778504070895,28,GET Calendar Day,200,,Calendar Day Users 1-17,text,true,,88919,315,3,3,http://localhost:8080/calendar/day/2026-01-20,20,0,0
1778504070852,83,POST Login,200,,Calendar Day Users 1-16,text,true,,37604,1048,3,3,http://localhost:8080/dashboard,65,0,0
1778504070852,65,POST Login-0,302,,Calendar Day Users 1-16,,true,,400,455,3,3,http://localhost:8080/login,65,0,0
1778504070917,2,POST Login-1,302,,Calendar Day Users 1-16,,true,,356,292,3,3,http://localhost:8080/,2,0,0
1778504070919,16,POST Login-2,200,,Calendar Day Users 1-16,text,true,,36848,301,3,3,http://localhost:8080/dashboard,13,0,0
1778504070923,13,GET Login Page,200,,Calendar Day Users 1-17,text,true,,21823,244,3,3,http://localhost:8080/login,13,0,0
1778504070935,30,GET Calendar Day,200,,Calendar Day Users 1-16,text,true,,88919,315,4,4,http://localhost:8080/calendar/day/2026-01-20,20,0,0
1778504070885,84,POST Login,200,,Calendar Day Users 1-18,text,true,,37604,1048,3,3,http://localhost:8080/dashboard,69,0,0
1778504070885,69,POST Login-0,302,,Calendar Day Users 1-18,,true,,400,455,3,3,http://localhost:8080/login,69,0,0
1778504070955,1,POST Login-1,302,,Calendar Day Users 1-18,,true,,356,292,3,3,http://localhost:8080/,1,0,0
1778504070956,13,POST Login-2,200,,Calendar Day Users 1-18,text,true,,36848,301,3,3,http://localhost:8080/dashboard,9,0,0
1778504070960,9,GET Login Page,200,,Calendar Day Users 1-19,text,true,,21823,244,3,3,http://localhost:8080/login,9,0,1
1778504070969,27,GET Calendar Day,200,,Calendar Day Users 1-18,text,true,,88919,315,3,3,http://localhost:8080/calendar/day/2026-01-20,18,0,0
1778504070997,11,GET Login Page,200,,Calendar Day Users 1-18,text,true,,21823,244,3,3,http://localhost:8080/login,10,0,0
1778504070937,81,POST Login,200,,Calendar Day Users 1-17,text,true,,37604,1048,3,3,http://localhost:8080/dashboard,66,0,0
1778504070937,66,POST Login-0,302,,Calendar Day Users 1-17,,true,,400,455,3,3,http://localhost:8080/login,66,0,0
1778504071003,2,POST Login-1,302,,Calendar Day Users 1-17,,true,,356,292,3,3,http://localhost:8080/,2,0,0
1778504071005,13,POST Login-2,200,,Calendar Day Users 1-17,text,true,,36848,301,3,3,http://localhost:8080/dashboard,9,0,0
1778504071018,28,GET Calendar Day,200,,Calendar Day Users 1-17,text,true,,88919,315,3,3,http://localhost:8080/calendar/day/2026-01-20,20,0,0
1778504070970,78,POST Login,200,,Calendar Day Users 1-19,text,true,,37604,1048,3,3,http://localhost:8080/dashboard,63,0,0
1778504070970,63,POST Login-0,302,,Calendar Day Users 1-19,,true,,400,455,3,3,http://localhost:8080/login,63,0,0
1778504071033,2,POST Login-1,302,,Calendar Day Users 1-19,,true,,356,292,3,3,http://localhost:8080/,2,0,0
1778504071035,13,POST Login-2,200,,Calendar Day Users 1-19,text,true,,36848,301,3,3,http://localhost:8080/dashboard,9,0,0
1778504071047,10,GET Login Page,200,,Calendar Day Users 1-17,text,true,,21823,244,3,3,http://localhost:8080/login,9,0,0
1778504071049,26,GET Calendar Day,200,,Calendar Day Users 1-19,text,true,,88919,315,3,3,http://localhost:8080/calendar/day/2026-01-20,18,0,0
1778504071075,8,GET Login Page,200,,Calendar Day Users 1-19,text,true,,21823,244,3,3,http://localhost:8080/login,8,0,0
1778504071009,78,POST Login,200,,Calendar Day Users 1-18,text,true,,37604,1048,3,3,http://localhost:8080/dashboard,65,0,0
1778504071009,65,POST Login-0,302,,Calendar Day Users 1-18,,true,,400,455,3,3,http://localhost:8080/login,65,0,0
1778504071074,2,POST Login-1,302,,Calendar Day Users 1-18,,true,,356,292,3,3,http://localhost:8080/,2,0,0
1778504071076,11,POST Login-2,200,,Calendar Day Users 1-18,text,true,,36848,301,3,3,http://localhost:8080/dashboard,7,0,0
1778504071087,26,GET Calendar Day,200,,Calendar Day Users 1-18,text,true,,88919,315,3,3,http://localhost:8080/calendar/day/2026-01-20,18,0,0
1778504071113,9,GET Login Page,200,,Calendar Day Users 1-18,text,true,,21823,244,3,3,http://localhost:8080/login,9,0,0
1778504071057,77,POST Login,200,,Calendar Day Users 1-17,text,true,,37604,1048,3,3,http://localhost:8080/dashboard,65,0,0
1778504071057,65,POST Login-0,302,,Calendar Day Users 1-17,,true,,400,455,3,3,http://localhost:8080/login,65,0,0
1778504071122,1,POST Login-1,302,,Calendar Day Users 1-17,,true,,356,292,3,3,http://localhost:8080/,1,0,0
1778504071123,11,POST Login-2,200,,Calendar Day Users 1-17,text,true,,36848,301,3,3,http://localhost:8080/dashboard,9,0,0
1778504071084,75,POST Login,200,,Calendar Day Users 1-19,text,true,,37604,1048,4,4,http://localhost:8080/dashboard,63,0,0
1778504071084,63,POST Login-0,302,,Calendar Day Users 1-19,,true,,400,455,4,4,http://localhost:8080/login,63,0,0
1778504071147,2,POST Login-1,302,,Calendar Day Users 1-19,,true,,356,292,4,4,http://localhost:8080/,2,0,0
1778504071149,10,POST Login-2,200,,Calendar Day Users 1-19,text,true,,36848,301,4,4,http://localhost:8080/dashboard,8,0,0
1778504071135,24,GET Calendar Day,200,,Calendar Day Users 1-17,text,true,,88919,315,4,4,http://localhost:8080/calendar/day/2026-01-20,17,0,0
1778504071158,9,GET Login Page,200,,Calendar Day Users 1-20,text,true,,21823,244,3,3,http://localhost:8080/login,8,0,1
1778504071160,23,GET Calendar Day,200,,Calendar Day Users 1-19,text,true,,88919,315,3,3,http://localhost:8080/calendar/day/2026-01-20,16,0,0
1778504071184,8,GET Login Page,200,,Calendar Day Users 1-19,text,true,,21823,244,3,3,http://localhost:8080/login,7,0,0
1778504071123,75,POST Login,200,,Calendar Day Users 1-18,text,true,,37604,1048,3,3,http://localhost:8080/dashboard,62,0,0
1778504071123,62,POST Login-0,302,,Calendar Day Users 1-18,,true,,400,455,3,3,http://localhost:8080/login,62,0,0
1778504071185,1,POST Login-1,302,,Calendar Day Users 1-18,,true,,356,292,3,3,http://localhost:8080/,1,0,0
1778504071186,12,POST Login-2,200,,Calendar Day Users 1-18,text,true,,36848,301,3,3,http://localhost:8080/dashboard,8,0,0
1778504071198,27,GET Calendar Day,200,,Calendar Day Users 1-18,text,true,,88919,315,3,3,http://localhost:8080/calendar/day/2026-01-20,18,0,0
1778504071226,7,GET Login Page,200,,Calendar Day Users 1-18,text,true,,21823,244,3,3,http://localhost:8080/login,7,0,0
1778504071167,78,POST Login,200,,Calendar Day Users 1-20,text,true,,37604,1048,3,3,http://localhost:8080/dashboard,64,0,0
1778504071167,64,POST Login-0,302,,Calendar Day Users 1-20,,true,,400,455,3,3,http://localhost:8080/login,64,0,0
1778504071231,1,POST Login-1,302,,Calendar Day Users 1-20,,true,,356,292,3,3,http://localhost:8080/,1,0,0
1778504071232,13,POST Login-2,200,,Calendar Day Users 1-20,text,true,,36848,301,3,3,http://localhost:8080/dashboard,10,0,0
1778504071193,76,POST Login,200,,Calendar Day Users 1-19,text,true,,37604,1048,3,3,http://localhost:8080/dashboard,62,0,0
1778504071193,62,POST Login-0,302,,Calendar Day Users 1-19,,true,,400,455,3,3,http://localhost:8080/login,62,0,0
1778504071255,2,POST Login-1,302,,Calendar Day Users 1-19,,true,,356,292,3,3,http://localhost:8080/,2,0,0
1778504071258,11,POST Login-2,200,,Calendar Day Users 1-19,text,true,,36848,301,3,3,http://localhost:8080/dashboard,7,0,0
1778504071245,26,GET Calendar Day,200,,Calendar Day Users 1-20,text,true,,88919,315,3,3,http://localhost:8080/calendar/day/2026-01-20,17,0,0
1778504071271,10,GET Login Page,200,,Calendar Day Users 1-20,text,true,,21823,244,3,3,http://localhost:8080/login,9,0,0
1778504071269,28,GET Calendar Day,200,,Calendar Day Users 1-19,text,true,,88919,315,3,3,http://localhost:8080/calendar/day/2026-01-20,20,0,0
1778504071297,8,GET Login Page,200,,Calendar Day Users 1-19,text,true,,21823,244,3,3,http://localhost:8080/login,8,0,0
1778504071234,76,POST Login,200,,Calendar Day Users 1-18,text,true,,37604,1048,3,3,http://localhost:8080/dashboard,64,0,0
1778504071234,64,POST Login-0,302,,Calendar Day Users 1-18,,true,,400,455,3,3,http://localhost:8080/login,64,0,0
1778504071298,2,POST Login-1,302,,Calendar Day Users 1-18,,true,,356,292,3,3,http://localhost:8080/,2,0,0
1778504071300,10,POST Login-2,200,,Calendar Day Users 1-18,text,true,,36848,301,3,3,http://localhost:8080/dashboard,8,0,0
1778504071311,24,GET Calendar Day,200,,Calendar Day Users 1-18,text,true,,88919,315,3,3,http://localhost:8080/calendar/day/2026-01-20,16,0,0
1778504071282,75,POST Login,200,,Calendar Day Users 1-20,text,true,,37604,1048,2,2,http://localhost:8080/dashboard,64,0,0
1778504071282,64,POST Login-0,302,,Calendar Day Users 1-20,,true,,400,455,2,2,http://localhost:8080/login,64,0,0
1778504071346,1,POST Login-1,302,,Calendar Day Users 1-20,,true,,356,292,2,2,http://localhost:8080/,1,0,0
1778504071347,10,POST Login-2,200,,Calendar Day Users 1-20,text,true,,36848,301,2,2,http://localhost:8080/dashboard,7,0,0
1778504071361,9,GET Login Page,200,,Calendar Day Users 1-21,text,true,,21823,244,3,3,http://localhost:8080/login,8,0,1
1778504071306,74,POST Login,200,,Calendar Day Users 1-19,text,true,,37604,1048,3,3,http://localhost:8080/dashboard,62,0,0
1778504071306,63,POST Login-0,302,,Calendar Day Users 1-19,,true,,400,455,3,3,http://localhost:8080/login,62,0,0
1778504071369,1,POST Login-1,302,,Calendar Day Users 1-19,,true,,356,292,3,3,http://localhost:8080/,1,0,0
1778504071370,10,POST Login-2,200,,Calendar Day Users 1-19,text,true,,36848,301,3,3,http://localhost:8080/dashboard,8,0,0
1778504071358,28,GET Calendar Day,200,,Calendar Day Users 1-20,text,true,,88919,315,3,3,http://localhost:8080/calendar/day/2026-01-20,20,0,0
1778504071387,9,GET Login Page,200,,Calendar Day Users 1-20,text,true,,21823,244,3,3,http://localhost:8080/login,8,0,0
1778504071381,26,GET Calendar Day,200,,Calendar Day Users 1-19,text,true,,88919,315,3,3,http://localhost:8080/calendar/day/2026-01-20,18,0,0
1778504071408,7,GET Login Page,200,,Calendar Day Users 1-19,text,true,,21823,244,3,3,http://localhost:8080/login,7,0,0
1778504071370,76,POST Login,200,,Calendar Day Users 1-21,text,true,,37604,1048,3,3,http://localhost:8080/dashboard,63,0,0
1778504071370,63,POST Login-0,302,,Calendar Day Users 1-21,,true,,400,455,3,3,http://localhost:8080/login,63,0,0
1778504071433,1,POST Login-1,302,,Calendar Day Users 1-21,,true,,356,292,3,3,http://localhost:8080/,1,0,0
1778504071434,12,POST Login-2,200,,Calendar Day Users 1-21,text,true,,36848,301,3,3,http://localhost:8080/dashboard,9,0,0
1778504071446,27,GET Calendar Day,200,,Calendar Day Users 1-21,text,true,,88919,315,3,3,http://localhost:8080/calendar/day/2026-01-20,17,0,0
1778504071396,81,POST Login,200,,Calendar Day Users 1-20,text,true,,37604,1048,3,3,http://localhost:8080/dashboard,65,0,0
1778504071396,65,POST Login-0,302,,Calendar Day Users 1-20,,true,,400,455,3,3,http://localhost:8080/login,65,0,0
1778504071461,2,POST Login-1,302,,Calendar Day Users 1-20,,true,,356,292,3,3,http://localhost:8080/,2,0,0
1778504071463,14,POST Login-2,200,,Calendar Day Users 1-20,text,true,,36848,301,3,3,http://localhost:8080/dashboard,11,0,0
1778504071474,10,GET Login Page,200,,Calendar Day Users 1-21,text,true,,21823,244,3,3,http://localhost:8080/login,10,0,0
1778504071416,77,POST Login,200,,Calendar Day Users 1-19,text,true,,37604,1048,3,3,http://localhost:8080/dashboard,63,0,0
1778504071416,63,POST Login-0,302,,Calendar Day Users 1-19,,true,,400,455,3,3,http://localhost:8080/login,63,0,0
1778504071479,2,POST Login-1,302,,Calendar Day Users 1-19,,true,,356,292,3,3,http://localhost:8080/,2,0,0
1778504071481,12,POST Login-2,200,,Calendar Day Users 1-19,text,true,,36848,301,3,3,http://localhost:8080/dashboard,9,0,0
1778504071477,28,GET Calendar Day,200,,Calendar Day Users 1-20,text,true,,88919,315,3,3,http://localhost:8080/calendar/day/2026-01-20,19,0,0
1778504071505,8,GET Login Page,200,,Calendar Day Users 1-20,text,true,,21823,244,3,3,http://localhost:8080/login,8,0,0
1778504071493,25,GET Calendar Day,200,,Calendar Day Users 1-19,text,true,,88919,315,3,3,http://localhost:8080/calendar/day/2026-01-20,17,0,0
1778504071485,77,POST Login,200,,Calendar Day Users 1-21,text,true,,37604,1048,3,3,http://localhost:8080/dashboard,64,0,0
1778504071485,64,POST Login-0,302,,Calendar Day Users 1-21,,true,,400,455,3,3,http://localhost:8080/login,64,0,0
1778504071549,2,POST Login-1,302,,Calendar Day Users 1-21,,true,,356,292,3,3,http://localhost:8080/,2,0,0
1778504071551,11,POST Login-2,200,,Calendar Day Users 1-21,text,true,,36848,301,3,3,http://localhost:8080/dashboard,8,0,0
1778504071561,9,GET Login Page,200,,Calendar Day Users 1-22,text,true,,21823,244,3,3,http://localhost:8080/login,8,0,1
1778504071514,73,POST Login,200,,Calendar Day Users 1-20,text,true,,37604,1048,3,3,http://localhost:8080/dashboard,62,0,0
1778504071514,62,POST Login-0,302,,Calendar Day Users 1-20,,true,,400,455,3,3,http://localhost:8080/login,62,0,0
1778504071576,1,POST Login-1,302,,Calendar Day Users 1-20,,true,,356,292,3,3,http://localhost:8080/,1,0,0
1778504071577,10,POST Login-2,200,,Calendar Day Users 1-20,text,true,,36848,301,3,3,http://localhost:8080/dashboard,7,0,0
1778504071563,24,GET Calendar Day,200,,Calendar Day Users 1-21,text,true,,88919,315,3,3,http://localhost:8080/calendar/day/2026-01-20,17,0,0
1778504071588,8,GET Login Page,200,,Calendar Day Users 1-21,text,true,,21823,244,3,3,http://localhost:8080/login,8,0,0
1778504071587,28,GET Calendar Day,200,,Calendar Day Users 1-20,text,true,,88919,315,3,3,http://localhost:8080/calendar/day/2026-01-20,19,0,0
1778504071616,8,GET Login Page,200,,Calendar Day Users 1-20,text,true,,21823,244,3,3,http://localhost:8080/login,8,0,0
1778504071570,75,POST Login,200,,Calendar Day Users 1-22,text,true,,37604,1048,3,3,http://localhost:8080/dashboard,63,0,0
1778504071570,63,POST Login-0,302,,Calendar Day Users 1-22,,true,,400,455,3,3,http://localhost:8080/login,63,0,0
1778504071633,1,POST Login-1,302,,Calendar Day Users 1-22,,true,,356,292,3,3,http://localhost:8080/,1,0,0
1778504071635,10,POST Login-2,200,,Calendar Day Users 1-22,text,true,,36848,301,3,3,http://localhost:8080/dashboard,7,0,0
1778504071646,27,GET Calendar Day,200,,Calendar Day Users 1-22,text,true,,88919,315,3,3,http://localhost:8080/calendar/day/2026-01-20,18,0,0
1778504071597,79,POST Login,200,,Calendar Day Users 1-21,text,true,,37604,1048,3,3,http://localhost:8080/dashboard,63,0,0
1778504071597,63,POST Login-0,302,,Calendar Day Users 1-21,,true,,400,455,3,3,http://localhost:8080/login,63,0,0
1778504071660,3,POST Login-1,302,,Calendar Day Users 1-21,,true,,356,292,3,3,http://localhost:8080/,3,0,0
1778504071663,13,POST Login-2,200,,Calendar Day Users 1-21,text,true,,36848,301,3,3,http://localhost:8080/dashboard,9,0,0
1778504071674,10,GET Login Page,200,,Calendar Day Users 1-22,text,true,,21823,244,3,3,http://localhost:8080/login,9,0,0
1778504071625,78,POST Login,200,,Calendar Day Users 1-20,text,true,,37604,1048,3,3,http://localhost:8080/dashboard,64,0,0
1778504071625,64,POST Login-0,302,,Calendar Day Users 1-20,,true,,400,455,3,3,http://localhost:8080/login,64,0,0
1778504071689,2,POST Login-1,302,,Calendar Day Users 1-20,,true,,356,292,3,3,http://localhost:8080/,2,0,0
1778504071691,12,POST Login-2,200,,Calendar Day Users 1-20,text,true,,36848,301,3,3,http://localhost:8080/dashboard,8,0,0
1778504071676,29,GET Calendar Day,200,,Calendar Day Users 1-21,text,true,,88919,315,3,3,http://localhost:8080/calendar/day/2026-01-20,19,0,0
1778504071706,15,GET Login Page,200,,Calendar Day Users 1-21,text,true,,21823,244,3,3,http://localhost:8080/login,15,0,0
1778504071705,35,GET Calendar Day,200,,Calendar Day Users 1-20,text,true,,88919,315,3,3,http://localhost:8080/calendar/day/2026-01-20,25,0,0
1778504071758,9,GET Login Page,200,,Calendar Day Users 1-23,text,true,,21823,244,3,3,http://localhost:8080/login,8,0,1
1778504071684,85,POST Login,200,,Calendar Day Users 1-22,text,true,,37604,1048,3,3,http://localhost:8080/dashboard,71,0,0
1778504071684,71,POST Login-0,302,,Calendar Day Users 1-22,,true,,400,455,3,3,http://localhost:8080/login,71,0,0
1778504071755,2,POST Login-1,302,,Calendar Day Users 1-22,,true,,356,292,3,3,http://localhost:8080/,2,0,0
1778504071757,12,POST Login-2,200,,Calendar Day Users 1-22,text,true,,36848,301,3,3,http://localhost:8080/dashboard,9,0,0
1778504071770,23,GET Calendar Day,200,,Calendar Day Users 1-22,text,true,,88919,315,3,3,http://localhost:8080/calendar/day/2026-01-20,16,0,0
1778504071722,76,POST Login,200,,Calendar Day Users 1-21,text,true,,37604,1048,3,3,http://localhost:8080/dashboard,64,0,0
1778504071722,64,POST Login-0,302,,Calendar Day Users 1-21,,true,,400,455,3,3,http://localhost:8080/login,64,0,0
1778504071786,1,POST Login-1,302,,Calendar Day Users 1-21,,true,,356,292,3,3,http://localhost:8080/,1,0,0
1778504071787,11,POST Login-2,200,,Calendar Day Users 1-21,text,true,,36848,301,3,3,http://localhost:8080/dashboard,8,0,0
1778504071794,8,GET Login Page,200,,Calendar Day Users 1-22,text,true,,21823,244,3,3,http://localhost:8080/login,7,0,0
1778504071798,24,GET Calendar Day,200,,Calendar Day Users 1-21,text,true,,88919,315,3,3,http://localhost:8080/calendar/day/2026-01-20,17,0,0
1778504071823,7,GET Login Page,200,,Calendar Day Users 1-21,text,true,,21823,244,3,3,http://localhost:8080/login,7,0,0
1778504071767,75,POST Login,200,,Calendar Day Users 1-23,text,true,,37604,1048,3,3,http://localhost:8080/dashboard,63,0,0
1778504071767,63,POST Login-0,302,,Calendar Day Users 1-23,,true,,400,455,3,3,http://localhost:8080/login,63,0,0
1778504071830,1,POST Login-1,302,,Calendar Day Users 1-23,,true,,356,292,3,3,http://localhost:8080/,1,0,0
1778504071831,11,POST Login-2,200,,Calendar Day Users 1-23,text,true,,36848,301,3,3,http://localhost:8080/dashboard,7,0,0
1778504071842,30,GET Calendar Day,200,,Calendar Day Users 1-23,text,true,,88919,315,3,3,http://localhost:8080/calendar/day/2026-01-20,19,0,0
1778504071873,8,GET Login Page,200,,Calendar Day Users 1-23,text,true,,21823,244,3,3,http://localhost:8080/login,8,0,0
1778504071802,81,POST Login,200,,Calendar Day Users 1-22,text,true,,37604,1048,3,3,http://localhost:8080/dashboard,65,0,0
1778504071802,65,POST Login-0,302,,Calendar Day Users 1-22,,true,,400,455,3,3,http://localhost:8080/login,65,0,0
1778504071868,2,POST Login-1,302,,Calendar Day Users 1-22,,true,,356,292,3,3,http://localhost:8080/,2,0,0
1778504071870,13,POST Login-2,200,,Calendar Day Users 1-22,text,true,,36848,301,3,3,http://localhost:8080/dashboard,10,0,0
1778504071830,82,POST Login,200,,Calendar Day Users 1-21,text,true,,37604,1048,3,3,http://localhost:8080/dashboard,66,0,0
1778504071830,66,POST Login-0,302,,Calendar Day Users 1-21,,true,,400,455,3,3,http://localhost:8080/login,66,0,0
1778504071896,3,POST Login-1,302,,Calendar Day Users 1-21,,true,,356,292,3,3,http://localhost:8080/,3,0,0
1778504071899,13,POST Login-2,200,,Calendar Day Users 1-21,text,true,,36848,301,3,3,http://localhost:8080/dashboard,10,0,0
1778504071884,32,GET Calendar Day,200,,Calendar Day Users 1-22,text,true,,88919,315,3,3,http://localhost:8080/calendar/day/2026-01-20,22,0,0
1778504071916,12,GET Login Page,200,,Calendar Day Users 1-22,text,true,,21823,244,3,3,http://localhost:8080/login,11,0,0
1778504071913,32,GET Calendar Day,200,,Calendar Day Users 1-21,text,true,,88919,315,3,3,http://localhost:8080/calendar/day/2026-01-20,21,0,0
1778504071882,79,POST Login,200,,Calendar Day Users 1-23,text,true,,37604,1048,3,3,http://localhost:8080/dashboard,67,0,0
1778504071882,67,POST Login-0,302,,Calendar Day Users 1-23,,true,,400,455,3,3,http://localhost:8080/login,67,0,0
1778504071949,1,POST Login-1,302,,Calendar Day Users 1-23,,true,,356,292,3,3,http://localhost:8080/,1,0,0
1778504071950,11,POST Login-2,200,,Calendar Day Users 1-23,text,true,,36848,301,3,3,http://localhost:8080/dashboard,8,0,0
1778504071957,9,GET Login Page,200,,Calendar Day Users 1-24,text,true,,21823,244,3,3,http://localhost:8080/login,8,0,1
1778504071961,25,GET Calendar Day,200,,Calendar Day Users 1-23,text,true,,88919,315,3,3,http://localhost:8080/calendar/day/2026-01-20,17,0,0
1778504071987,9,GET Login Page,200,,Calendar Day Users 1-23,text,true,,21823,244,3,3,http://localhost:8080/login,8,0,0
1778504071928,79,POST Login,200,,Calendar Day Users 1-22,text,true,,37604,1048,3,3,http://localhost:8080/dashboard,65,0,0
1778504071928,65,POST Login-0,302,,Calendar Day Users 1-22,,true,,400,455,3,3,http://localhost:8080/login,65,0,0
1778504071993,2,POST Login-1,302,,Calendar Day Users 1-22,,true,,356,292,3,3,http://localhost:8080/,2,0,0
1778504071996,11,POST Login-2,200,,Calendar Day Users 1-22,text,true,,36848,301,3,3,http://localhost:8080/dashboard,8,0,0
1778504072008,24,GET Calendar Day,200,,Calendar Day Users 1-22,text,true,,88919,315,3,3,http://localhost:8080/calendar/day/2026-01-20,16,0,0
1778504072032,9,GET Login Page,200,,Calendar Day Users 1-22,text,true,,21823,244,3,3,http://localhost:8080/login,8,0,0
1778504071966,76,POST Login,200,,Calendar Day Users 1-24,text,true,,37604,1048,3,3,http://localhost:8080/dashboard,63,0,0
1778504071966,63,POST Login-0,302,,Calendar Day Users 1-24,,true,,400,455,3,3,http://localhost:8080/login,63,0,0
1778504072029,2,POST Login-1,302,,Calendar Day Users 1-24,,true,,356,292,3,3,http://localhost:8080/,2,0,0
1778504072031,11,POST Login-2,200,,Calendar Day Users 1-24,text,true,,36848,301,3,3,http://localhost:8080/dashboard,8,0,0
1778504072043,28,GET Calendar Day,200,,Calendar Day Users 1-24,text,true,,88919,315,3,3,http://localhost:8080/calendar/day/2026-01-20,19,0,0
1778504071997,78,POST Login,200,,Calendar Day Users 1-23,text,true,,37604,1048,3,3,http://localhost:8080/dashboard,64,0,0
1778504071997,64,POST Login-0,302,,Calendar Day Users 1-23,,true,,400,455,3,3,http://localhost:8080/login,64,0,0
1778504072061,2,POST Login-1,302,,Calendar Day Users 1-23,,true,,356,292,3,3,http://localhost:8080/,2,0,0
1778504072063,12,POST Login-2,200,,Calendar Day Users 1-23,text,true,,36848,301,3,3,http://localhost:8080/dashboard,9,0,0
1778504072072,9,GET Login Page,200,,Calendar Day Users 1-24,text,true,,21823,244,3,3,http://localhost:8080/login,8,0,0
1778504072076,26,GET Calendar Day,200,,Calendar Day Users 1-23,text,true,,88919,315,3,3,http://localhost:8080/calendar/day/2026-01-20,17,0,0
1778504072102,12,GET Login Page,200,,Calendar Day Users 1-23,text,true,,21823,244,3,3,http://localhost:8080/login,11,0,0
1778504072041,78,POST Login,200,,Calendar Day Users 1-22,text,true,,37604,1048,3,3,http://localhost:8080/dashboard,64,0,0
1778504072041,64,POST Login-0,302,,Calendar Day Users 1-22,,true,,400,455,3,3,http://localhost:8080/login,64,0,0
1778504072105,1,POST Login-1,302,,Calendar Day Users 1-22,,true,,356,292,3,3,http://localhost:8080/,1,0,0
1778504072107,12,POST Login-2,200,,Calendar Day Users 1-22,text,true,,36848,301,3,3,http://localhost:8080/dashboard,9,0,0
1778504072119,30,GET Calendar Day,200,,Calendar Day Users 1-22,text,true,,88919,315,3,3,http://localhost:8080/calendar/day/2026-01-20,20,0,0
1778504072081,81,POST Login,200,,Calendar Day Users 1-24,text,true,,37604,1048,3,3,http://localhost:8080/dashboard,66,0,0
1778504072081,66,POST Login-0,302,,Calendar Day Users 1-24,,true,,400,455,3,3,http://localhost:8080/login,66,0,0
1778504072147,2,POST Login-1,302,,Calendar Day Users 1-24,,true,,356,292,3,3,http://localhost:8080/,2,0,0
1778504072149,13,POST Login-2,200,,Calendar Day Users 1-24,text,true,,36848,301,3,3,http://localhost:8080/dashboard,9,0,0
1778504072160,9,GET Login Page,200,,Calendar Day Users 1-25,text,true,,21823,244,3,3,http://localhost:8080/login,8,0,0
1778504072162,29,GET Calendar Day,200,,Calendar Day Users 1-24,text,true,,88919,315,3,3,http://localhost:8080/calendar/day/2026-01-20,21,0,0
1778504072114,78,POST Login,200,,Calendar Day Users 1-23,text,true,,37604,1048,3,3,http://localhost:8080/dashboard,65,0,0
1778504072114,65,POST Login-0,302,,Calendar Day Users 1-23,,true,,400,455,3,3,http://localhost:8080/login,65,0,0
1778504072180,1,POST Login-1,302,,Calendar Day Users 1-23,,true,,356,292,3,3,http://localhost:8080/,1,0,0
1778504072181,11,POST Login-2,200,,Calendar Day Users 1-23,text,true,,36848,301,3,3,http://localhost:8080/dashboard,9,0,0
1778504072192,9,GET Login Page,200,,Calendar Day Users 1-24,text,true,,21823,244,3,3,http://localhost:8080/login,8,0,0
1778504072193,25,GET Calendar Day,200,,Calendar Day Users 1-23,text,true,,88919,315,3,3,http://localhost:8080/calendar/day/2026-01-20,17,0,0
1778504072218,8,GET Login Page,200,,Calendar Day Users 1-23,text,true,,21823,244,3,3,http://localhost:8080/login,7,0,0
1778504072169,76,POST Login,200,,Calendar Day Users 1-25,text,true,,37604,1048,3,3,http://localhost:8080/dashboard,64,0,0
1778504072169,64,POST Login-0,302,,Calendar Day Users 1-25,,true,,400,455,3,3,http://localhost:8080/login,64,0,0
1778504072233,1,POST Login-1,302,,Calendar Day Users 1-25,,true,,356,292,3,3,http://localhost:8080/,1,0,0
1778504072234,11,POST Login-2,200,,Calendar Day Users 1-25,text,true,,36848,301,3,3,http://localhost:8080/dashboard,8,0,0
1778504072245,23,GET Calendar Day,200,,Calendar Day Users 1-25,text,true,,88919,315,3,3,http://localhost:8080/calendar/day/2026-01-20,15,0,0
1778504072202,74,POST Login,200,,Calendar Day Users 1-24,text,true,,37604,1048,3,3,http://localhost:8080/dashboard,62,0,0
1778504072202,62,POST Login-0,302,,Calendar Day Users 1-24,,true,,400,455,3,3,http://localhost:8080/login,62,0,0
1778504072264,2,POST Login-1,302,,Calendar Day Users 1-24,,true,,356,292,3,3,http://localhost:8080/,2,0,0
1778504072266,10,POST Login-2,200,,Calendar Day Users 1-24,text,true,,36848,301,3,3,http://localhost:8080/dashboard,7,0,0
1778504072269,7,GET Login Page,200,,Calendar Day Users 1-25,text,true,,21823,244,3,3,http://localhost:8080/login,7,0,0
1778504072276,24,GET Calendar Day,200,,Calendar Day Users 1-24,text,true,,88919,315,3,3,http://localhost:8080/calendar/day/2026-01-20,16,0,0
1778504072226,76,POST Login,200,,Calendar Day Users 1-23,text,true,,37604,1048,3,3,http://localhost:8080/dashboard,62,0,0
1778504072226,62,POST Login-0,302,,Calendar Day Users 1-23,,true,,400,455,3,3,http://localhost:8080/login,62,0,0
1778504072288,2,POST Login-1,302,,Calendar Day Users 1-23,,true,,356,292,3,3,http://localhost:8080/,2,0,0
1778504072290,12,POST Login-2,200,,Calendar Day Users 1-23,text,true,,36848,301,3,3,http://localhost:8080/dashboard,9,0,0
1778504072300,8,GET Login Page,200,,Calendar Day Users 1-24,text,true,,21823,244,3,3,http://localhost:8080/login,8,0,0
1778504072302,25,GET Calendar Day,200,,Calendar Day Users 1-23,text,true,,88919,315,3,3,http://localhost:8080/calendar/day/2026-01-20,16,0,0
1778504072277,75,POST Login,200,,Calendar Day Users 1-25,text,true,,37604,1048,2,2,http://localhost:8080/dashboard,63,0,0
1778504072277,63,POST Login-0,302,,Calendar Day Users 1-25,,true,,400,455,2,2,http://localhost:8080/login,63,0,0
1778504072340,1,POST Login-1,302,,Calendar Day Users 1-25,,true,,356,292,2,2,http://localhost:8080/,1,0,0
1778504072341,11,POST Login-2,200,,Calendar Day Users 1-25,text,true,,36848,301,2,2,http://localhost:8080/dashboard,8,0,0
1778504072352,25,GET Calendar Day,200,,Calendar Day Users 1-25,text,true,,88919,315,2,2,http://localhost:8080/calendar/day/2026-01-20,17,0,0
1778504072308,76,POST Login,200,,Calendar Day Users 1-24,text,true,,37604,1048,2,2,http://localhost:8080/dashboard,63,0,0
1778504072308,63,POST Login-0,302,,Calendar Day Users 1-24,,true,,400,455,2,2,http://localhost:8080/login,63,0,0
1778504072371,2,POST Login-1,302,,Calendar Day Users 1-24,,true,,356,292,2,2,http://localhost:8080/,2,0,0
1778504072373,11,POST Login-2,200,,Calendar Day Users 1-24,text,true,,36848,301,2,2,http://localhost:8080/dashboard,8,0,0
1778504072378,7,GET Login Page,200,,Calendar Day Users 1-25,text,true,,21823,244,2,2,http://localhost:8080/login,7,0,0
1778504072384,25,GET Calendar Day,200,,Calendar Day Users 1-24,text,true,,88919,315,2,2,http://localhost:8080/calendar/day/2026-01-20,16,0,0
1778504072410,9,GET Login Page,200,,Calendar Day Users 1-24,text,true,,21823,244,2,2,http://localhost:8080/login,8,0,0
1778504072386,76,POST Login,200,,Calendar Day Users 1-25,text,true,,37604,1048,2,2,http://localhost:8080/dashboard,64,0,0
1778504072386,64,POST Login-0,302,,Calendar Day Users 1-25,,true,,400,455,2,2,http://localhost:8080/login,64,0,0
1778504072450,2,POST Login-1,302,,Calendar Day Users 1-25,,true,,356,292,2,2,http://localhost:8080/,2,0,0
1778504072452,10,POST Login-2,200,,Calendar Day Users 1-25,text,true,,36848,301,2,2,http://localhost:8080/dashboard,7,0,0
1778504072463,25,GET Calendar Day,200,,Calendar Day Users 1-25,text,true,,88919,315,2,2,http://localhost:8080/calendar/day/2026-01-20,16,0,0
1778504072419,77,POST Login,200,,Calendar Day Users 1-24,text,true,,37604,1048,2,2,http://localhost:8080/dashboard,63,0,0
1778504072419,63,POST Login-0,302,,Calendar Day Users 1-24,,true,,400,455,2,2,http://localhost:8080/login,63,0,0
1778504072483,1,POST Login-1,302,,Calendar Day Users 1-24,,true,,356,292,2,2,http://localhost:8080/,1,0,0
1778504072484,12,POST Login-2,200,,Calendar Day Users 1-24,text,true,,36848,301,2,2,http://localhost:8080/dashboard,9,0,0
1778504072489,7,GET Login Page,200,,Calendar Day Users 1-25,text,true,,21823,244,2,2,http://localhost:8080/login,7,0,0
1778504072496,25,GET Calendar Day,200,,Calendar Day Users 1-24,text,true,,88919,315,2,2,http://localhost:8080/calendar/day/2026-01-20,17,0,0
1778504072497,73,POST Login,200,,Calendar Day Users 1-25,text,true,,37604,1048,1,1,http://localhost:8080/dashboard,61,0,0
1778504072497,61,POST Login-0,302,,Calendar Day Users 1-25,,true,,400,455,1,1,http://localhost:8080/login,61,0,0
1778504072559,1,POST Login-1,302,,Calendar Day Users 1-25,,true,,356,292,1,1,http://localhost:8080/,1,0,0
1778504072560,10,POST Login-2,200,,Calendar Day Users 1-25,text,true,,36848,301,1,1,http://localhost:8080/dashboard,7,0,0
1778504072570,33,GET Calendar Day,200,,Calendar Day Users 1-25,text,true,,88919,315,1,1,http://localhost:8080/calendar/day/2026-01-20,16,0,0
1778504072604,17,GET Login Page,200,,Calendar Day Users 1-25,text,true,,21823,244,1,1,http://localhost:8080/login,16,0,0
1778504072621,80,POST Login,200,,Calendar Day Users 1-25,text,true,,37604,1048,1,1,http://localhost:8080/dashboard,65,0,0
1778504072621,65,POST Login-0,302,,Calendar Day Users 1-25,,true,,400,455,1,1,http://localhost:8080/login,65,0,0
1778504072686,3,POST Login-1,302,,Calendar Day Users 1-25,,true,,356,292,1,1,http://localhost:8080/,3,0,0
1778504072689,12,POST Login-2,200,,Calendar Day Users 1-25,text,true,,36848,301,1,1,http://localhost:8080/dashboard,9,0,0
1778504072702,25,GET Calendar Day,200,,Calendar Day Users 1-25,text,true,,88919,315,1,1,http://localhost:8080/calendar/day/2026-01-20,17,0,0
1778504158951,365,GET Login Page,200,,Calendar Day Users 1-1,text,true,,21823,244,3,3,http://localhost:8080/login,361,0,14
1778504159094,222,GET Login Page,200,,Calendar Day Users 1-2,text,true,,21823,244,3,3,http://localhost:8080/login,218,0,1
1778504159293,25,GET Login Page,200,,Calendar Day Users 1-3,text,true,,21823,244,3,3,http://localhost:8080/login,23,0,0
1778504159491,21,GET Login Page,200,,Calendar Day Users 1-4,text,true,,21823,244,4,4,http://localhost:8080/login,20,0,1
1778504159330,269,POST Login,500,,Calendar Day Users 1-3,text,false,Login response should not contain the login error marker.,1012,747,4,4,http://localhost:8080/,171,0,0
1778504159330,269,POST Login,500,,Calendar Day Users 1-1,text,false,Login response should not contain the login error marker.,1012,747,4,4,http://localhost:8080/,172,0,0
1778504159330,171,POST Login-0,302,,Calendar Day Users 1-3,,true,,400,455,4,4,http://localhost:8080/login,171,0,0
1778504159502,97,POST Login-1,500,,Calendar Day Users 1-3,text,false,,612,292,4,4,http://localhost:8080/,96,0,0
1778504159330,172,POST Login-0,302,,Calendar Day Users 1-1,,true,,400,455,4,4,http://localhost:8080/login,172,0,0
1778504159502,97,POST Login-1,500,,Calendar Day Users 1-1,text,false,,612,292,4,4,http://localhost:8080/,96,0,0
1778504159514,123,POST Login,200,,Calendar Day Users 1-4,text,true,,37604,1048,4,4,http://localhost:8080/dashboard,69,0,0
1778504159514,69,POST Login-0,302,,Calendar Day Users 1-4,,true,,400,455,4,4,http://localhost:8080/login,69,0,0
1778504159583,6,POST Login-1,302,,Calendar Day Users 1-4,,true,,356,292,4,4,http://localhost:8080/,6,0,0
1778504159590,47,POST Login-2,200,,Calendar Day Users 1-4,text,true,,36848,301,4,4,http://localhost:8080/dashboard,24,0,0
1778504159330,306,POST Login,200,,Calendar Day Users 1-2,text,true,,37604,1048,4,4,http://localhost:8080/dashboard,171,0,0
1778504159330,171,POST Login-0,302,,Calendar Day Users 1-2,,true,,400,455,4,4,http://localhost:8080/login,171,0,0
1778504159502,57,POST Login-1,302,,Calendar Day Users 1-2,,true,,356,292,4,4,http://localhost:8080/,57,0,0
1778504159560,76,POST Login-2,200,,Calendar Day Users 1-2,text,true,,36848,301,4,4,http://localhost:8080/dashboard,53,0,0
1778504159693,22,GET Login Page,200,,Calendar Day Users 1-5,text,true,,21823,244,5,5,http://localhost:8080/login,21,0,1
1778504159600,162,GET Calendar Day,200,,Calendar Day Users 1-1,text,true,,88919,315,5,5,http://localhost:8080/calendar/day/2026-01-20,108,0,1
1778504159600,161,GET Calendar Day,200,,Calendar Day Users 1-3,text,true,,88919,315,5,5,http://localhost:8080/calendar/day/2026-01-20,108,0,1
1778504159639,122,GET Calendar Day,200,,Calendar Day Users 1-2,text,true,,88919,315,5,5,http://localhost:8080/calendar/day/2026-01-20,69,0,0
1778504159639,123,GET Calendar Day,200,,Calendar Day Users 1-4,text,true,,88919,315,5,5,http://localhost:8080/calendar/day/2026-01-20,69,0,0
1778504159765,16,GET Login Page,200,,Calendar Day Users 1-2,text,true,,21823,244,5,5,http://localhost:8080/login,16,0,0
1778504159765,17,GET Login Page,200,,Calendar Day Users 1-1,text,true,,21823,244,5,5,http://localhost:8080/login,16,0,0
1778504159765,17,GET Login Page,200,,Calendar Day Users 1-4,text,true,,21823,244,5,5,http://localhost:8080/login,16,0,0
1778504159765,18,GET Login Page,200,,Calendar Day Users 1-3,text,true,,21823,244,5,5,http://localhost:8080/login,17,0,0
1778504159716,116,POST Login,200,,Calendar Day Users 1-5,text,true,,37604,1048,5,5,http://localhost:8080/dashboard,87,0,0
1778504159716,87,POST Login-0,302,,Calendar Day Users 1-5,,true,,400,455,5,5,http://localhost:8080/login,87,0,0
1778504159804,5,POST Login-1,302,,Calendar Day Users 1-5,,true,,356,292,5,5,http://localhost:8080/,5,0,0
1778504159809,23,POST Login-2,200,,Calendar Day Users 1-5,text,true,,36848,301,5,5,http://localhost:8080/dashboard,18,0,0
1778504159784,93,POST Login,200,,Calendar Day Users 1-3,text,true,,37604,1048,5,5,http://localhost:8080/dashboard,67,0,0
1778504159784,67,POST Login-0,302,,Calendar Day Users 1-3,,true,,400,455,5,5,http://localhost:8080/login,67,0,0
1778504159851,4,POST Login-1,302,,Calendar Day Users 1-3,,true,,356,292,5,5,http://localhost:8080/,4,0,0
1778504159856,21,POST Login-2,200,,Calendar Day Users 1-3,text,true,,36848,301,5,5,http://localhost:8080/dashboard,15,0,0
1778504159782,95,POST Login,200,,Calendar Day Users 1-2,text,true,,37604,1048,5,5,http://localhost:8080/dashboard,72,0,0
1778504159782,72,POST Login-0,302,,Calendar Day Users 1-2,,true,,400,455,5,5,http://localhost:8080/login,72,0,0
1778504159854,3,POST Login-1,302,,Calendar Day Users 1-2,,true,,356,292,5,5,http://localhost:8080/,3,0,0
1778504159858,19,POST Login-2,200,,Calendar Day Users 1-2,text,true,,36848,301,5,5,http://localhost:8080/dashboard,15,0,0
1778504159783,95,POST Login,200,,Calendar Day Users 1-1,text,true,,37604,1048,5,5,http://localhost:8080/dashboard,71,0,0
1778504159783,71,POST Login-0,302,,Calendar Day Users 1-1,,true,,400,455,5,5,http://localhost:8080/login,71,0,0
1778504159854,3,POST Login-1,302,,Calendar Day Users 1-1,,true,,356,292,5,5,http://localhost:8080/,3,0,0
1778504159858,20,POST Login-2,200,,Calendar Day Users 1-1,text,true,,36848,301,5,5,http://localhost:8080/dashboard,15,0,0
1778504159783,99,POST Login,200,,Calendar Day Users 1-4,text,true,,37604,1048,5,5,http://localhost:8080/dashboard,71,0,0
1778504159783,71,POST Login-0,302,,Calendar Day Users 1-4,,true,,400,455,5,5,http://localhost:8080/login,71,0,0
1778504159854,4,POST Login-1,302,,Calendar Day Users 1-4,,true,,356,292,5,5,http://localhost:8080/,4,0,0
1778504159858,24,POST Login-2,200,,Calendar Day Users 1-4,text,true,,36848,301,5,5,http://localhost:8080/dashboard,19,0,0
1778504159832,55,GET Calendar Day,200,,Calendar Day Users 1-5,text,true,,88919,315,5,5,http://localhost:8080/calendar/day/2026-01-20,39,0,0
1778504159888,13,GET Login Page,200,,Calendar Day Users 1-5,text,true,,21823,244,6,6,http://localhost:8080/login,12,0,0
1778504159892,17,GET Login Page,200,,Calendar Day Users 1-6,text,true,,21823,244,6,6,http://localhost:8080/login,16,0,1
1778504159878,61,GET Calendar Day,200,,Calendar Day Users 1-3,text,true,,88919,315,6,6,http://localhost:8080/calendar/day/2026-01-20,42,0,0
1778504159878,61,GET Calendar Day,200,,Calendar Day Users 1-1,text,true,,88919,315,6,6,http://localhost:8080/calendar/day/2026-01-20,43,0,0
1778504159878,77,GET Calendar Day,200,,Calendar Day Users 1-2,text,true,,88919,315,6,6,http://localhost:8080/calendar/day/2026-01-20,42,0,0
1778504159883,83,GET Calendar Day,200,,Calendar Day Users 1-4,text,true,,88919,315,6,6,http://localhost:8080/calendar/day/2026-01-20,51,0,0
1778504159940,28,GET Login Page,200,,Calendar Day Users 1-3,text,true,,21823,244,6,6,http://localhost:8080/login,27,0,0
1778504159940,30,GET Login Page,200,,Calendar Day Users 1-1,text,true,,21823,244,6,6,http://localhost:8080/login,29,0,0
1778504159956,19,GET Login Page,200,,Calendar Day Users 1-2,text,true,,21823,244,6,6,http://localhost:8080/login,17,0,0
1778504159967,16,GET Login Page,200,,Calendar Day Users 1-4,text,true,,21823,244,6,6,http://localhost:8080/login,15,0,0
1778504159902,124,POST Login,200,,Calendar Day Users 1-5,text,true,,37604,1048,6,6,http://localhost:8080/dashboard,96,0,0
1778504159902,96,POST Login-0,302,,Calendar Day Users 1-5,,true,,400,455,6,6,http://localhost:8080/login,96,0,0
1778504159998,5,POST Login-1,302,,Calendar Day Users 1-5,,true,,356,292,6,6,http://localhost:8080/,5,0,0
1778504160003,23,POST Login-2,200,,Calendar Day Users 1-5,text,true,,36848,301,6,6,http://localhost:8080/dashboard,18,0,0
1778504159910,117,POST Login,200,,Calendar Day Users 1-6,text,true,,37604,1048,6,6,http://localhost:8080/dashboard,92,0,0
1778504159910,92,POST Login-0,302,,Calendar Day Users 1-6,,true,,400,455,6,6,http://localhost:8080/login,92,0,0
1778504160002,4,POST Login-1,302,,Calendar Day Users 1-6,,true,,356,292,6,6,http://localhost:8080/,4,0,0
1778504160007,20,POST Login-2,200,,Calendar Day Users 1-6,text,true,,36848,301,6,6,http://localhost:8080/dashboard,15,0,0
1778504159969,108,POST Login,200,,Calendar Day Users 1-3,text,true,,37604,1048,6,6,http://localhost:8080/dashboard,70,0,0
1778504159969,70,POST Login-0,302,,Calendar Day Users 1-3,,true,,400,455,6,6,http://localhost:8080/login,70,0,0
1778504160040,4,POST Login-1,302,,Calendar Day Users 1-3,,true,,356,292,6,6,http://localhost:8080/,4,0,0
1778504160045,32,POST Login-2,200,,Calendar Day Users 1-3,text,true,,36848,301,6,6,http://localhost:8080/dashboard,23,0,0
1778504159976,114,POST Login,200,,Calendar Day Users 1-2,text,true,,37604,1048,7,7,http://localhost:8080/dashboard,72,0,0
1778504159971,119,POST Login,200,,Calendar Day Users 1-1,text,true,,37604,1048,7,7,http://localhost:8080/dashboard,72,0,0
1778504159976,72,POST Login-0,302,,Calendar Day Users 1-2,,true,,400,455,7,7,http://localhost:8080/login,72,0,0
1778504159971,72,POST Login-0,302,,Calendar Day Users 1-1,,true,,400,455,7,7,http://localhost:8080/login,72,0,0
1778504160048,8,POST Login-1,302,,Calendar Day Users 1-2,,true,,356,292,7,7,http://localhost:8080/,8,0,0
1778504160056,34,POST Login-2,200,,Calendar Day Users 1-2,text,true,,36848,301,7,7,http://localhost:8080/dashboard,17,0,0
1778504160043,5,POST Login-1,302,,Calendar Day Users 1-1,,true,,356,292,7,7,http://localhost:8080/,5,0,0
1778504160048,42,POST Login-2,200,,Calendar Day Users 1-1,text,true,,36848,301,7,7,http://localhost:8080/dashboard,23,0,0
1778504160027,78,GET Calendar Day,200,,Calendar Day Users 1-6,text,true,,88919,315,7,7,http://localhost:8080/calendar/day/2026-01-20,50,0,0
1778504160029,77,GET Calendar Day,200,,Calendar Day Users 1-5,text,true,,88919,315,7,7,http://localhost:8080/calendar/day/2026-01-20,48,0,0
1778504159984,122,POST Login,200,,Calendar Day Users 1-4,text,true,,37604,1048,7,7,http://localhost:8080/dashboard,79,0,0
1778504160089,17,GET Login Page,200,,Calendar Day Users 1-7,text,true,,21823,244,7,7,http://localhost:8080/login,16,0,1
1778504159984,79,POST Login-0,302,,Calendar Day Users 1-4,,true,,400,455,7,7,http://localhost:8080/login,79,0,0
1778504160064,5,POST Login-1,302,,Calendar Day Users 1-4,,true,,356,292,7,7,http://localhost:8080/,5,0,0
1778504160069,37,POST Login-2,200,,Calendar Day Users 1-4,text,true,,36848,301,7,7,http://localhost:8080/dashboard,32,0,0
1778504160106,15,GET Login Page,200,,Calendar Day Users 1-5,text,true,,21823,244,7,7,http://localhost:8080/login,14,0,0
1778504160106,15,GET Login Page,200,,Calendar Day Users 1-6,text,true,,21823,244,7,7,http://localhost:8080/login,14,0,0
1778504160091,49,GET Calendar Day,200,,Calendar Day Users 1-1,text,true,,88919,315,7,7,http://localhost:8080/calendar/day/2026-01-20,38,0,0
1778504160091,52,GET Calendar Day,200,,Calendar Day Users 1-2,text,true,,88919,315,7,7,http://localhost:8080/calendar/day/2026-01-20,38,0,0
1778504160077,68,GET Calendar Day,200,,Calendar Day Users 1-3,text,true,,88919,315,7,7,http://localhost:8080/calendar/day/2026-01-20,55,0,0
1778504160143,11,GET Login Page,200,,Calendar Day Users 1-2,text,true,,21823,244,7,7,http://localhost:8080/login,10,0,0
1778504160141,14,GET Login Page,200,,Calendar Day Users 1-1,text,true,,21823,244,7,7,http://localhost:8080/login,13,0,0
1778504160146,13,GET Login Page,200,,Calendar Day Users 1-3,text,true,,21823,244,7,7,http://localhost:8080/login,12,0,0
1778504160106,53,GET Calendar Day,200,,Calendar Day Users 1-4,text,true,,88919,315,7,7,http://localhost:8080/calendar/day/2026-01-20,40,0,0
1778504160160,12,GET Login Page,200,,Calendar Day Users 1-4,text,true,,21823,244,7,7,http://localhost:8080/login,11,0,0
1778504160106,95,POST Login,200,,Calendar Day Users 1-7,text,true,,37604,1048,7,7,http://localhost:8080/dashboard,72,0,0
1778504160106,72,POST Login-0,302,,Calendar Day Users 1-7,,true,,400,455,7,7,http://localhost:8080/login,72,0,0
1778504160178,4,POST Login-1,302,,Calendar Day Users 1-7,,true,,356,292,7,7,http://localhost:8080/,4,0,0
1778504160182,19,POST Login-2,200,,Calendar Day Users 1-7,text,true,,36848,301,7,7,http://localhost:8080/dashboard,14,0,0
1778504160122,90,POST Login,200,,Calendar Day Users 1-6,text,true,,37604,1048,7,7,http://localhost:8080/dashboard,67,0,0
1778504160122,67,POST Login-0,302,,Calendar Day Users 1-6,,true,,400,455,7,7,http://localhost:8080/login,67,0,0
1778504160190,3,POST Login-1,302,,Calendar Day Users 1-6,,true,,356,292,7,7,http://localhost:8080/,3,0,0
1778504160193,19,POST Login-2,200,,Calendar Day Users 1-6,text,true,,36848,301,7,7,http://localhost:8080/dashboard,14,0,0
1778504160122,91,POST Login,200,,Calendar Day Users 1-5,text,true,,37604,1048,7,7,http://localhost:8080/dashboard,67,0,0
1778504160122,67,POST Login-0,302,,Calendar Day Users 1-5,,true,,400,455,7,7,http://localhost:8080/login,67,0,0
1778504160190,4,POST Login-1,302,,Calendar Day Users 1-5,,true,,356,292,7,7,http://localhost:8080/,4,0,0
1778504160194,19,POST Login-2,200,,Calendar Day Users 1-5,text,true,,36848,301,7,7,http://localhost:8080/dashboard,14,0,0
1778504160155,89,POST Login,200,,Calendar Day Users 1-1,text,true,,37604,1048,7,7,http://localhost:8080/dashboard,67,0,0
1778504160155,67,POST Login-0,302,,Calendar Day Users 1-1,,true,,400,455,7,7,http://localhost:8080/login,67,0,0
1778504160223,4,POST Login-1,302,,Calendar Day Users 1-1,,true,,356,292,7,7,http://localhost:8080/,4,0,0
1778504160228,16,POST Login-2,200,,Calendar Day Users 1-1,text,true,,36848,301,7,7,http://localhost:8080/dashboard,12,0,0
1778504160155,92,POST Login,200,,Calendar Day Users 1-2,text,true,,37604,1048,7,7,http://localhost:8080/dashboard,68,0,0
1778504160155,68,POST Login-0,302,,Calendar Day Users 1-2,,true,,400,455,7,7,http://localhost:8080/login,68,0,0
1778504160224,5,POST Login-1,302,,Calendar Day Users 1-2,,true,,356,292,7,7,http://localhost:8080/,5,0,0
1778504160229,18,POST Login-2,200,,Calendar Day Users 1-2,text,true,,36848,301,7,7,http://localhost:8080/dashboard,13,0,0
1778504160202,52,GET Calendar Day,200,,Calendar Day Users 1-7,text,true,,88919,315,7,7,http://localhost:8080/calendar/day/2026-01-20,35,0,0
1778504160159,99,POST Login,200,,Calendar Day Users 1-3,text,true,,37604,1048,7,7,http://localhost:8080/dashboard,72,0,0
1778504160159,72,POST Login-0,302,,Calendar Day Users 1-3,,true,,400,455,7,7,http://localhost:8080/login,72,0,0
1778504160231,4,POST Login-1,302,,Calendar Day Users 1-3,,true,,356,292,7,7,http://localhost:8080/,4,0,0
1778504160235,23,POST Login-2,200,,Calendar Day Users 1-3,text,true,,36848,301,7,7,http://localhost:8080/dashboard,17,0,0
1778504160213,46,GET Calendar Day,200,,Calendar Day Users 1-6,text,true,,88919,315,7,7,http://localhost:8080/calendar/day/2026-01-20,31,0,0
1778504160213,49,GET Calendar Day,200,,Calendar Day Users 1-5,text,true,,88919,315,7,7,http://localhost:8080/calendar/day/2026-01-20,32,0,0
1778504160256,13,GET Login Page,200,,Calendar Day Users 1-7,text,true,,21823,244,7,7,http://localhost:8080/login,12,0,0
1778504160260,13,GET Login Page,200,,Calendar Day Users 1-6,text,true,,21823,244,7,7,http://localhost:8080/login,12,0,0
1778504160173,100,POST Login,200,,Calendar Day Users 1-4,text,true,,37604,1048,7,7,http://localhost:8080/dashboard,72,0,0
1778504160173,72,POST Login-0,302,,Calendar Day Users 1-4,,true,,400,455,7,7,http://localhost:8080/login,72,0,0
1778504160245,5,POST Login-1,302,,Calendar Day Users 1-4,,true,,356,292,7,7,http://localhost:8080/,5,0,0
1778504160250,23,POST Login-2,200,,Calendar Day Users 1-4,text,true,,36848,301,7,7,http://localhost:8080/dashboard,18,0,0
1778504160263,14,GET Login Page,200,,Calendar Day Users 1-5,text,true,,21823,244,7,7,http://localhost:8080/login,13,0,0
1778504160247,55,GET Calendar Day,200,,Calendar Day Users 1-2,text,true,,88919,315,8,8,http://localhost:8080/calendar/day/2026-01-20,36,0,0
1778504160245,58,GET Calendar Day,200,,Calendar Day Users 1-1,text,true,,88919,315,8,8,http://localhost:8080/calendar/day/2026-01-20,37,0,0
1778504160293,18,GET Login Page,200,,Calendar Day Users 1-8,text,true,,21823,244,8,8,http://localhost:8080/login,17,0,2
1778504160304,14,GET Login Page,200,,Calendar Day Users 1-2,text,true,,21823,244,8,8,http://localhost:8080/login,13,0,0
1778504160304,14,GET Login Page,200,,Calendar Day Users 1-1,text,true,,21823,244,8,8,http://localhost:8080/login,13,0,0
1778504160259,65,GET Calendar Day,200,,Calendar Day Users 1-3,text,true,,88919,315,8,8,http://localhost:8080/calendar/day/2026-01-20,46,0,0
1778504160325,21,GET Login Page,200,,Calendar Day Users 1-3,text,true,,21823,244,8,8,http://localhost:8080/login,20,0,0
1778504160274,86,GET Calendar Day,200,,Calendar Day Users 1-4,text,true,,88919,315,8,8,http://localhost:8080/calendar/day/2026-01-20,68,0,0
1778504160361,15,GET Login Page,200,,Calendar Day Users 1-4,text,true,,21823,244,8,8,http://localhost:8080/login,14,0,0
1778504160270,110,POST Login,200,,Calendar Day Users 1-7,text,true,,37604,1048,8,8,http://localhost:8080/dashboard,82,0,0
1778504160270,82,POST Login-0,302,,Calendar Day Users 1-7,,true,,400,455,8,8,http://localhost:8080/login,82,0,0
1778504160353,6,POST Login-1,302,,Calendar Day Users 1-7,,true,,356,292,8,8,http://localhost:8080/,6,0,0
1778504160359,21,POST Login-2,200,,Calendar Day Users 1-7,text,true,,36848,301,8,8,http://localhost:8080/dashboard,16,0,0
1778504160278,111,POST Login,200,,Calendar Day Users 1-5,text,true,,37604,1048,8,8,http://localhost:8080/dashboard,81,0,0
1778504160278,81,POST Login-0,302,,Calendar Day Users 1-5,,true,,400,455,8,8,http://localhost:8080/login,81,0,0
1778504160359,3,POST Login-1,302,,Calendar Day Users 1-5,,true,,356,292,8,8,http://localhost:8080/,3,0,0
1778504160362,27,POST Login-2,200,,Calendar Day Users 1-5,text,true,,36848,301,8,8,http://localhost:8080/dashboard,23,0,0
1778504160274,120,POST Login,200,,Calendar Day Users 1-6,text,true,,37604,1048,8,8,http://localhost:8080/dashboard,88,0,0
1778504160274,88,POST Login-0,302,,Calendar Day Users 1-6,,true,,400,455,8,8,http://localhost:8080/login,88,0,0
1778504160363,7,POST Login-1,302,,Calendar Day Users 1-6,,true,,356,292,8,8,http://localhost:8080/,7,0,0
1778504160370,24,POST Login-2,200,,Calendar Day Users 1-6,text,true,,36848,301,8,8,http://localhost:8080/dashboard,17,0,0
1778504160312,105,POST Login,200,,Calendar Day Users 1-8,text,true,,37604,1048,8,8,http://localhost:8080/dashboard,80,0,0
1778504160312,80,POST Login-0,302,,Calendar Day Users 1-8,,true,,400,455,8,8,http://localhost:8080/login,80,0,0
1778504160392,5,POST Login-1,302,,Calendar Day Users 1-8,,true,,356,292,8,8,http://localhost:8080/,5,0,0
1778504160397,20,POST Login-2,200,,Calendar Day Users 1-8,text,true,,36848,301,8,8,http://localhost:8080/dashboard,16,0,0
1778504160380,43,GET Calendar Day,200,,Calendar Day Users 1-7,text,true,,88919,315,8,8,http://localhost:8080/calendar/day/2026-01-20,30,0,0
1778504160319,105,POST Login,200,,Calendar Day Users 1-2,text,true,,37604,1048,8,8,http://localhost:8080/dashboard,78,0,0
1778504160319,78,POST Login-0,302,,Calendar Day Users 1-2,,true,,400,455,8,8,http://localhost:8080/login,78,0,0
1778504160398,4,POST Login-1,302,,Calendar Day Users 1-2,,true,,356,292,8,8,http://localhost:8080/,4,0,0
1778504160403,21,POST Login-2,200,,Calendar Day Users 1-2,text,true,,36848,301,8,8,http://localhost:8080/dashboard,15,0,0
1778504160390,43,GET Calendar Day,200,,Calendar Day Users 1-5,text,true,,88919,315,8,8,http://localhost:8080/calendar/day/2026-01-20,30,0,0
1778504160319,115,POST Login,200,,Calendar Day Users 1-1,text,true,,37604,1048,8,8,http://localhost:8080/dashboard,86,0,0
1778504160319,86,POST Login-0,302,,Calendar Day Users 1-1,,true,,400,455,8,8,http://localhost:8080/login,86,0,0
1778504160406,3,POST Login-1,302,,Calendar Day Users 1-1,,true,,356,292,8,8,http://localhost:8080/,3,0,0
1778504160410,24,POST Login-2,200,,Calendar Day Users 1-1,text,true,,36848,301,8,8,http://localhost:8080/dashboard,18,0,0
1778504160424,14,GET Login Page,200,,Calendar Day Users 1-7,text,true,,21823,244,8,8,http://localhost:8080/login,13,0,0
1778504160347,95,POST Login,200,,Calendar Day Users 1-3,text,true,,37604,1048,8,8,http://localhost:8080/dashboard,71,0,0
1778504160347,71,POST Login-0,302,,Calendar Day Users 1-3,,true,,400,455,8,8,http://localhost:8080/login,71,0,0
1778504160419,4,POST Login-1,302,,Calendar Day Users 1-3,,true,,356,292,8,8,http://localhost:8080/,4,0,0
1778504160423,19,POST Login-2,200,,Calendar Day Users 1-3,text,true,,36848,301,8,8,http://localhost:8080/dashboard,15,0,0
1778504160434,14,GET Login Page,200,,Calendar Day Users 1-5,text,true,,21823,244,8,8,http://localhost:8080/login,13,0,0
1778504160395,53,GET Calendar Day,200,,Calendar Day Users 1-6,text,true,,88919,315,8,8,http://localhost:8080/calendar/day/2026-01-20,41,0,0
1778504160451,12,GET Login Page,200,,Calendar Day Users 1-6,text,true,,21823,244,8,8,http://localhost:8080/login,11,0,0
1778504160418,49,GET Calendar Day,200,,Calendar Day Users 1-8,text,true,,88919,315,8,8,http://localhost:8080/calendar/day/2026-01-20,35,0,0
1778504160424,44,GET Calendar Day,200,,Calendar Day Users 1-2,text,true,,88919,315,8,8,http://localhost:8080/calendar/day/2026-01-20,33,0,0
1778504160377,95,POST Login,200,,Calendar Day Users 1-4,text,true,,37604,1048,7,7,http://localhost:8080/dashboard,71,0,0
1778504160377,71,POST Login-0,302,,Calendar Day Users 1-4,,true,,400,455,7,7,http://localhost:8080/login,71,0,0
1778504160450,4,POST Login-1,302,,Calendar Day Users 1-4,,true,,356,292,7,7,http://localhost:8080/,4,0,0
1778504160454,18,POST Login-2,200,,Calendar Day Users 1-4,text,true,,36848,301,7,7,http://localhost:8080/dashboard,13,0,0
1778504160434,42,GET Calendar Day,200,,Calendar Day Users 1-1,text,true,,88919,315,7,7,http://localhost:8080/calendar/day/2026-01-20,30,0,0
1778504160468,13,GET Login Page,200,,Calendar Day Users 1-8,text,true,,21823,244,6,6,http://localhost:8080/login,12,0,0
1778504160443,47,GET Calendar Day,200,,Calendar Day Users 1-3,text,true,,88919,315,6,6,http://localhost:8080/calendar/day/2026-01-20,33,0,0
1778504160492,11,GET Login Page,200,,Calendar Day Users 1-9,text,true,,21823,244,6,6,http://localhost:8080/login,10,0,0
1778504160473,36,GET Calendar Day,200,,Calendar Day Users 1-4,text,true,,88919,315,6,6,http://localhost:8080/calendar/day/2026-01-20,25,0,0
1778504160439,87,POST Login,200,,Calendar Day Users 1-7,text,true,,37604,1048,5,5,http://localhost:8080/dashboard,70,0,0
1778504160439,70,POST Login-0,302,,Calendar Day Users 1-7,,true,,400,455,5,5,http://localhost:8080/login,70,0,0
1778504160510,2,POST Login-1,302,,Calendar Day Users 1-7,,true,,356,292,5,5,http://localhost:8080/,2,0,0
1778504160512,14,POST Login-2,200,,Calendar Day Users 1-7,text,true,,36848,301,5,5,http://localhost:8080/dashboard,11,0,0
1778504160451,90,POST Login,200,,Calendar Day Users 1-5,text,true,,37604,1048,5,5,http://localhost:8080/dashboard,67,0,0
1778504160451,67,POST Login-0,302,,Calendar Day Users 1-5,,true,,400,455,5,5,http://localhost:8080/login,67,0,0
1778504160518,4,POST Login-1,302,,Calendar Day Users 1-5,,true,,356,292,5,5,http://localhost:8080/,4,0,0
1778504160522,19,POST Login-2,200,,Calendar Day Users 1-5,text,true,,36848,301,5,5,http://localhost:8080/dashboard,13,0,0
1778504160464,91,POST Login,200,,Calendar Day Users 1-6,text,true,,37604,1048,5,5,http://localhost:8080/dashboard,68,0,0
1778504160464,68,POST Login-0,302,,Calendar Day Users 1-6,,true,,400,455,5,5,http://localhost:8080/login,68,0,0
1778504160532,5,POST Login-1,302,,Calendar Day Users 1-6,,true,,356,292,5,5,http://localhost:8080/,5,0,0
1778504160537,18,POST Login-2,200,,Calendar Day Users 1-6,text,true,,36848,301,5,5,http://localhost:8080/dashboard,14,0,0
1778504160482,87,POST Login,200,,Calendar Day Users 1-8,text,true,,37604,1048,5,5,http://localhost:8080/dashboard,67,0,0
1778504160482,67,POST Login-0,302,,Calendar Day Users 1-8,,true,,400,455,5,5,http://localhost:8080/login,67,0,0
1778504160549,4,POST Login-1,302,,Calendar Day Users 1-8,,true,,356,292,5,5,http://localhost:8080/,4,0,0
1778504160553,16,POST Login-2,200,,Calendar Day Users 1-8,text,true,,36848,301,5,5,http://localhost:8080/dashboard,12,0,0
1778504160527,45,GET Calendar Day,200,,Calendar Day Users 1-7,text,true,,88919,315,5,5,http://localhost:8080/calendar/day/2026-01-20,33,0,0
1778504160542,41,GET Calendar Day,200,,Calendar Day Users 1-5,text,true,,88919,315,5,5,http://localhost:8080/calendar/day/2026-01-20,28,0,0
1778504160573,12,GET Login Page,200,,Calendar Day Users 1-7,text,true,,21823,244,4,4,http://localhost:8080/login,11,0,0
1778504160503,87,POST Login,200,,Calendar Day Users 1-9,text,true,,37604,1048,4,4,http://localhost:8080/dashboard,69,0,0
1778504160503,69,POST Login-0,302,,Calendar Day Users 1-9,,true,,400,455,4,4,http://localhost:8080/login,69,0,0
1778504160572,3,POST Login-1,302,,Calendar Day Users 1-9,,true,,356,292,4,4,http://localhost:8080/,3,0,0
1778504160575,15,POST Login-2,200,,Calendar Day Users 1-9,text,true,,36848,301,4,4,http://localhost:8080/dashboard,11,0,0
1778504160555,43,GET Calendar Day,200,,Calendar Day Users 1-6,text,true,,88919,315,4,4,http://localhost:8080/calendar/day/2026-01-20,32,0,0
1778504160569,35,GET Calendar Day,200,,Calendar Day Users 1-8,text,true,,88919,315,4,4,http://localhost:8080/calendar/day/2026-01-20,24,0,0
1778504160599,9,GET Login Page,200,,Calendar Day Users 1-6,text,true,,21823,244,4,4,http://localhost:8080/login,8,0,0
1778504160605,10,GET Login Page,200,,Calendar Day Users 1-8,text,true,,21823,244,4,4,http://localhost:8080/login,9,0,0
1778504160590,29,GET Calendar Day,200,,Calendar Day Users 1-9,text,true,,88919,315,4,4,http://localhost:8080/calendar/day/2026-01-20,20,0,0
1778504160620,11,GET Login Page,200,,Calendar Day Users 1-9,text,true,,21823,244,4,4,http://localhost:8080/login,10,0,0
1778504160587,86,POST Login,200,,Calendar Day Users 1-7,text,true,,37604,1048,4,4,http://localhost:8080/dashboard,66,0,0
1778504160587,66,POST Login-0,302,,Calendar Day Users 1-7,,true,,400,455,4,4,http://localhost:8080/login,66,0,0
1778504160653,3,POST Login-1,302,,Calendar Day Users 1-7,,true,,356,292,4,4,http://localhost:8080/,3,0,0
1778504160656,17,POST Login-2,200,,Calendar Day Users 1-7,text,true,,36848,301,4,4,http://localhost:8080/dashboard,13,0,0
1778504160609,84,POST Login,200,,Calendar Day Users 1-6,text,true,,37604,1048,5,5,http://localhost:8080/dashboard,66,0,0
1778504160609,66,POST Login-0,302,,Calendar Day Users 1-6,,true,,400,455,5,5,http://localhost:8080/login,66,0,0
1778504160676,3,POST Login-1,302,,Calendar Day Users 1-6,,true,,356,292,5,5,http://localhost:8080/,3,0,0
1778504160679,14,POST Login-2,200,,Calendar Day Users 1-6,text,true,,36848,301,5,5,http://localhost:8080/dashboard,11,0,0
1778504160616,81,POST Login,200,,Calendar Day Users 1-8,text,true,,37604,1048,5,5,http://localhost:8080/dashboard,64,0,0
1778504160616,64,POST Login-0,302,,Calendar Day Users 1-8,,true,,400,455,5,5,http://localhost:8080/login,64,0,0
1778504160681,2,POST Login-1,302,,Calendar Day Users 1-8,,true,,356,292,5,5,http://localhost:8080/,2,0,0
1778504160683,14,POST Login-2,200,,Calendar Day Users 1-8,text,true,,36848,301,5,5,http://localhost:8080/dashboard,10,0,0
1778504160689,10,GET Login Page,200,,Calendar Day Users 1-10,text,true,,21823,244,5,5,http://localhost:8080/login,9,0,1
1778504160673,38,GET Calendar Day,200,,Calendar Day Users 1-7,text,true,,88919,315,5,5,http://localhost:8080/calendar/day/2026-01-20,26,0,0
1778504160632,84,POST Login,200,,Calendar Day Users 1-9,text,true,,37604,1048,5,5,http://localhost:8080/dashboard,66,0,0
1778504160632,66,POST Login-0,302,,Calendar Day Users 1-9,,true,,400,455,5,5,http://localhost:8080/login,66,0,0
1778504160699,2,POST Login-1,302,,Calendar Day Users 1-9,,true,,356,292,5,5,http://localhost:8080/,2,0,0
1778504160701,15,POST Login-2,200,,Calendar Day Users 1-9,text,true,,36848,301,5,5,http://localhost:8080/dashboard,11,0,0
1778504160712,11,GET Login Page,200,,Calendar Day Users 1-7,text,true,,21823,244,5,5,http://localhost:8080/login,10,0,0
1778504160693,34,GET Calendar Day,200,,Calendar Day Users 1-6,text,true,,88919,315,5,5,http://localhost:8080/calendar/day/2026-01-20,22,0,0
1778504160697,31,GET Calendar Day,200,,Calendar Day Users 1-8,text,true,,88919,315,4,4,http://localhost:8080/calendar/day/2026-01-20,21,0,0
1778504160729,16,GET Login Page,200,,Calendar Day Users 1-8,text,true,,21823,244,4,4,http://localhost:8080/login,15,0,0
1778504160717,44,GET Calendar Day,200,,Calendar Day Users 1-9,text,true,,88919,315,4,4,http://localhost:8080/calendar/day/2026-01-20,29,0,0
1778504160762,13,GET Login Page,200,,Calendar Day Users 1-9,text,true,,21823,244,4,4,http://localhost:8080/login,12,0,0
1778504160700,95,POST Login,200,,Calendar Day Users 1-10,text,true,,37604,1048,4,4,http://localhost:8080/dashboard,73,0,0
1778504160700,73,POST Login-0,302,,Calendar Day Users 1-10,,true,,400,455,4,4,http://localhost:8080/login,73,0,0
1778504160774,3,POST Login-1,302,,Calendar Day Users 1-10,,true,,356,292,4,4,http://localhost:8080/,3,0,0
1778504160777,18,POST Login-2,200,,Calendar Day Users 1-10,text,true,,36848,301,4,4,http://localhost:8080/dashboard,13,0,0
1778504160724,99,POST Login,200,,Calendar Day Users 1-7,text,true,,37604,1048,4,4,http://localhost:8080/dashboard,77,0,0
1778504160724,77,POST Login-0,302,,Calendar Day Users 1-7,,true,,400,455,4,4,http://localhost:8080/login,77,0,0
1778504160802,3,POST Login-1,302,,Calendar Day Users 1-7,,true,,356,292,4,4,http://localhost:8080/,3,0,0
1778504160805,18,POST Login-2,200,,Calendar Day Users 1-7,text,true,,36848,301,4,4,http://localhost:8080/dashboard,13,0,0
1778504160795,37,GET Calendar Day,200,,Calendar Day Users 1-10,text,true,,88919,315,4,4,http://localhost:8080/calendar/day/2026-01-20,26,0,0
1778504160746,89,POST Login,200,,Calendar Day Users 1-8,text,true,,37604,1048,4,4,http://localhost:8080/dashboard,71,0,0
1778504160746,71,POST Login-0,302,,Calendar Day Users 1-8,,true,,400,455,4,4,http://localhost:8080/login,71,0,0
1778504160817,3,POST Login-1,302,,Calendar Day Users 1-8,,true,,356,292,4,4,http://localhost:8080/,3,0,0
1778504160821,14,POST Login-2,200,,Calendar Day Users 1-8,text,true,,36848,301,4,4,http://localhost:8080/dashboard,10,0,0
1778504160832,20,GET Login Page,200,,Calendar Day Users 1-10,text,true,,21823,244,4,4,http://localhost:8080/login,18,0,0
1778504160823,52,GET Calendar Day,200,,Calendar Day Users 1-7,text,true,,88919,315,4,4,http://localhost:8080/calendar/day/2026-01-20,29,0,0
1778504160776,110,POST Login,200,,Calendar Day Users 1-9,text,true,,37604,1048,3,3,http://localhost:8080/dashboard,75,0,0
1778504160776,75,POST Login-0,302,,Calendar Day Users 1-9,,true,,400,455,3,3,http://localhost:8080/login,75,0,0
1778504160851,4,POST Login-1,302,,Calendar Day Users 1-9,,true,,356,292,3,3,http://localhost:8080/,4,0,0
1778504160855,31,POST Login-2,200,,Calendar Day Users 1-9,text,true,,36848,301,3,3,http://localhost:8080/dashboard,25,0,0
1778504160835,60,GET Calendar Day,200,,Calendar Day Users 1-8,text,true,,88919,315,4,4,http://localhost:8080/calendar/day/2026-01-20,46,0,0
1778504160892,19,GET Login Page,200,,Calendar Day Users 1-11,text,true,,21823,244,4,4,http://localhost:8080/login,17,0,1
1778504160896,17,GET Login Page,200,,Calendar Day Users 1-8,text,true,,21823,244,4,4,http://localhost:8080/login,16,0,0
1778504160887,48,GET Calendar Day,200,,Calendar Day Users 1-9,text,true,,88919,315,4,4,http://localhost:8080/calendar/day/2026-01-20,36,0,0
1778504160853,95,POST Login,200,,Calendar Day Users 1-10,text,true,,37604,1048,4,4,http://localhost:8080/dashboard,76,0,0
1778504160853,76,POST Login-0,302,,Calendar Day Users 1-10,,true,,400,455,4,4,http://localhost:8080/login,76,0,0
1778504160929,4,POST Login-1,302,,Calendar Day Users 1-10,,true,,356,292,4,4,http://localhost:8080/,4,0,0
1778504160936,12,GET Login Page,200,,Calendar Day Users 1-9,text,true,,21823,244,4,4,http://localhost:8080/login,12,0,0
1778504160934,14,POST Login-2,200,,Calendar Day Users 1-10,text,true,,36848,301,4,4,http://localhost:8080/dashboard,11,0,0
1778504160949,35,GET Calendar Day,200,,Calendar Day Users 1-10,text,true,,88919,315,4,4,http://localhost:8080/calendar/day/2026-01-20,24,0,0
1778504160985,9,GET Login Page,200,,Calendar Day Users 1-10,text,true,,21823,244,4,4,http://localhost:8080/login,8,0,0
1778504160912,83,POST Login,200,,Calendar Day Users 1-11,text,true,,37604,1048,4,4,http://localhost:8080/dashboard,67,0,0
1778504160914,81,POST Login,200,,Calendar Day Users 1-8,text,true,,37604,1048,4,4,http://localhost:8080/dashboard,65,0,0
1778504160912,67,POST Login-0,302,,Calendar Day Users 1-11,,true,,400,455,4,4,http://localhost:8080/login,67,0,0
1778504160914,65,POST Login-0,302,,Calendar Day Users 1-8,,true,,400,455,4,4,http://localhost:8080/login,65,0,0
1778504160979,2,POST Login-1,302,,Calendar Day Users 1-11,,true,,356,292,4,4,http://localhost:8080/,2,0,0
1778504160979,2,POST Login-1,302,,Calendar Day Users 1-8,,true,,356,292,4,4,http://localhost:8080/,2,0,0
1778504160981,14,POST Login-2,200,,Calendar Day Users 1-11,text,true,,36848,301,4,4,http://localhost:8080/dashboard,11,0,0
1778504160982,13,POST Login-2,200,,Calendar Day Users 1-8,text,true,,36848,301,4,4,http://localhost:8080/dashboard,10,0,0
1778504160995,31,GET Calendar Day,200,,Calendar Day Users 1-11,text,true,,88919,315,4,4,http://localhost:8080/calendar/day/2026-01-20,20,0,0
1778504160995,35,GET Calendar Day,200,,Calendar Day Users 1-8,text,true,,88919,315,4,4,http://localhost:8080/calendar/day/2026-01-20,23,0,0
1778504160949,83,POST Login,200,,Calendar Day Users 1-9,text,true,,37604,1048,3,3,http://localhost:8080/dashboard,66,0,0
1778504160949,66,POST Login-0,302,,Calendar Day Users 1-9,,true,,400,455,3,3,http://localhost:8080/login,66,0,0
1778504161015,3,POST Login-1,302,,Calendar Day Users 1-9,,true,,356,292,3,3,http://localhost:8080/,3,0,0
1778504161018,14,POST Login-2,200,,Calendar Day Users 1-9,text,true,,36848,301,3,3,http://localhost:8080/dashboard,10,0,0
1778504161027,11,GET Login Page,200,,Calendar Day Users 1-11,text,true,,21823,244,3,3,http://localhost:8080/login,10,0,0
1778504161033,30,GET Calendar Day,200,,Calendar Day Users 1-9,text,true,,88919,315,3,3,http://localhost:8080/calendar/day/2026-01-20,20,0,0
1778504161064,9,GET Login Page,200,,Calendar Day Users 1-9,text,true,,21823,244,3,3,http://localhost:8080/login,9,0,0
1778504160995,81,POST Login,200,,Calendar Day Users 1-10,text,true,,37604,1048,3,3,http://localhost:8080/dashboard,65,0,0
1778504160995,65,POST Login-0,302,,Calendar Day Users 1-10,,true,,400,455,3,3,http://localhost:8080/login,65,0,0
1778504161061,3,POST Login-1,302,,Calendar Day Users 1-10,,true,,356,292,3,3,http://localhost:8080/,3,0,0
1778504161064,12,POST Login-2,200,,Calendar Day Users 1-10,text,true,,36848,301,3,3,http://localhost:8080/dashboard,9,0,0
1778504161092,9,GET Login Page,200,,Calendar Day Users 1-12,text,true,,21823,244,4,4,http://localhost:8080/login,8,0,1
1778504161077,27,GET Calendar Day,200,,Calendar Day Users 1-10,text,true,,88919,315,4,4,http://localhost:8080/calendar/day/2026-01-20,18,0,0
1778504161104,9,GET Login Page,200,,Calendar Day Users 1-10,text,true,,21823,244,4,4,http://localhost:8080/login,9,0,0
1778504161039,77,POST Login,200,,Calendar Day Users 1-11,text,true,,37604,1048,4,4,http://localhost:8080/dashboard,62,0,0
1778504161039,62,POST Login-0,302,,Calendar Day Users 1-11,,true,,400,455,4,4,http://localhost:8080/login,62,0,0
1778504161102,2,POST Login-1,302,,Calendar Day Users 1-11,,true,,356,292,4,4,http://localhost:8080/,2,0,0
1778504161104,12,POST Login-2,200,,Calendar Day Users 1-11,text,true,,36848,301,4,4,http://localhost:8080/dashboard,9,0,0
1778504161116,29,GET Calendar Day,200,,Calendar Day Users 1-11,text,true,,88919,315,4,4,http://localhost:8080/calendar/day/2026-01-20,19,0,0
1778504161074,81,POST Login,200,,Calendar Day Users 1-9,text,true,,37604,1048,4,4,http://localhost:8080/dashboard,63,0,0
1778504161074,63,POST Login-0,302,,Calendar Day Users 1-9,,true,,400,455,4,4,http://localhost:8080/login,63,0,0
1778504161138,2,POST Login-1,302,,Calendar Day Users 1-9,,true,,356,292,4,4,http://localhost:8080/,2,0,0
1778504161140,15,POST Login-2,200,,Calendar Day Users 1-9,text,true,,36848,301,4,4,http://localhost:8080/dashboard,11,0,0
1778504161145,10,GET Login Page,200,,Calendar Day Users 1-11,text,true,,21823,244,4,4,http://localhost:8080/login,10,0,0
1778504161101,85,POST Login,200,,Calendar Day Users 1-12,text,true,,37604,1048,4,4,http://localhost:8080/dashboard,65,0,0
1778504161101,65,POST Login-0,302,,Calendar Day Users 1-12,,true,,400,455,4,4,http://localhost:8080/login,65,0,0
1778504161166,4,POST Login-1,302,,Calendar Day Users 1-12,,true,,356,292,4,4,http://localhost:8080/,4,0,0
1778504161170,16,POST Login-2,200,,Calendar Day Users 1-12,text,true,,36848,301,4,4,http://localhost:8080/dashboard,11,0,0
1778504161155,34,GET Calendar Day,200,,Calendar Day Users 1-9,text,true,,88919,315,4,4,http://localhost:8080/calendar/day/2026-01-20,21,0,0
1778504161114,85,POST Login,200,,Calendar Day Users 1-10,text,true,,37604,1048,3,3,http://localhost:8080/dashboard,64,0,0
1778504161114,64,POST Login-0,302,,Calendar Day Users 1-10,,true,,400,455,3,3,http://localhost:8080/login,64,0,0
1778504161178,4,POST Login-1,302,,Calendar Day Users 1-10,,true,,356,292,3,3,http://localhost:8080/,4,0,0
1778504161182,17,POST Login-2,200,,Calendar Day Users 1-10,text,true,,36848,301,3,3,http://localhost:8080/dashboard,13,0,0
1778504161187,32,GET Calendar Day,200,,Calendar Day Users 1-12,text,true,,88919,315,3,3,http://localhost:8080/calendar/day/2026-01-20,24,0,0
1778504161199,32,GET Calendar Day,200,,Calendar Day Users 1-10,text,true,,88919,315,3,3,http://localhost:8080/calendar/day/2026-01-20,21,0,0
1778504161220,13,GET Login Page,200,,Calendar Day Users 1-12,text,true,,21823,244,3,3,http://localhost:8080/login,12,0,0
1778504161156,82,POST Login,200,,Calendar Day Users 1-11,text,true,,37604,1048,3,3,http://localhost:8080/dashboard,65,0,0
1778504161156,65,POST Login-0,302,,Calendar Day Users 1-11,,true,,400,455,3,3,http://localhost:8080/login,65,0,0
1778504161221,3,POST Login-1,302,,Calendar Day Users 1-11,,true,,356,292,3,3,http://localhost:8080/,3,0,0
1778504161224,14,POST Login-2,200,,Calendar Day Users 1-11,text,true,,36848,301,3,3,http://localhost:8080/dashboard,11,0,0
1778504161232,10,GET Login Page,200,,Calendar Day Users 1-10,text,true,,21823,244,3,3,http://localhost:8080/login,9,0,0
1778504161238,28,GET Calendar Day,200,,Calendar Day Users 1-11,text,true,,88919,315,3,3,http://localhost:8080/calendar/day/2026-01-20,19,0,0
1778504161267,9,GET Login Page,200,,Calendar Day Users 1-11,text,true,,21823,244,3,3,http://localhost:8080/login,8,0,0
1778504161291,11,GET Login Page,200,,Calendar Day Users 1-13,text,true,,21823,244,4,4,http://localhost:8080/login,10,0,0
1778504161233,78,POST Login,200,,Calendar Day Users 1-12,text,true,,37604,1048,4,4,http://localhost:8080/dashboard,64,0,0
1778504161233,64,POST Login-0,302,,Calendar Day Users 1-12,,true,,400,455,4,4,http://localhost:8080/login,64,0,0
1778504161297,2,POST Login-1,302,,Calendar Day Users 1-12,,true,,356,292,4,4,http://localhost:8080/,2,0,0
1778504161299,12,POST Login-2,200,,Calendar Day Users 1-12,text,true,,36848,301,4,4,http://localhost:8080/dashboard,8,0,0
1778504161242,77,POST Login,200,,Calendar Day Users 1-10,text,true,,37604,1048,4,4,http://localhost:8080/dashboard,63,0,0
1778504161242,63,POST Login-0,302,,Calendar Day Users 1-10,,true,,400,455,4,4,http://localhost:8080/login,63,0,0
1778504161305,2,POST Login-1,302,,Calendar Day Users 1-10,,true,,356,292,4,4,http://localhost:8080/,2,0,0
1778504161307,12,POST Login-2,200,,Calendar Day Users 1-10,text,true,,36848,301,4,4,http://localhost:8080/dashboard,9,0,0
1778504161311,26,GET Calendar Day,200,,Calendar Day Users 1-12,text,true,,88919,315,4,4,http://localhost:8080/calendar/day/2026-01-20,18,0,0
1778504161320,26,GET Calendar Day,200,,Calendar Day Users 1-10,text,true,,88919,315,4,4,http://localhost:8080/calendar/day/2026-01-20,17,0,0
1778504161338,9,GET Login Page,200,,Calendar Day Users 1-12,text,true,,21823,244,3,3,http://localhost:8080/login,8,0,0
1778504161276,78,POST Login,200,,Calendar Day Users 1-11,text,true,,37604,1048,3,3,http://localhost:8080/dashboard,64,0,0
1778504161276,64,POST Login-0,302,,Calendar Day Users 1-11,,true,,400,455,3,3,http://localhost:8080/login,64,0,0
1778504161340,2,POST Login-1,302,,Calendar Day Users 1-11,,true,,356,292,3,3,http://localhost:8080/,2,0,0
1778504161342,12,POST Login-2,200,,Calendar Day Users 1-11,text,true,,36848,301,3,3,http://localhost:8080/dashboard,9,0,0
1778504161302,76,POST Login,200,,Calendar Day Users 1-13,text,true,,37604,1048,3,3,http://localhost:8080/dashboard,62,0,0
1778504161302,62,POST Login-0,302,,Calendar Day Users 1-13,,true,,400,455,3,3,http://localhost:8080/login,62,0,0
1778504161365,1,POST Login-1,302,,Calendar Day Users 1-13,,true,,356,292,3,3,http://localhost:8080/,1,0,0
1778504161366,12,POST Login-2,200,,Calendar Day Users 1-13,text,true,,36848,301,3,3,http://localhost:8080/dashboard,9,0,0
1778504161355,26,GET Calendar Day,200,,Calendar Day Users 1-11,text,true,,88919,315,3,3,http://localhost:8080/calendar/day/2026-01-20,18,0,0
1778504161382,9,GET Login Page,200,,Calendar Day Users 1-11,text,true,,21823,244,3,3,http://localhost:8080/login,8,0,0
1778504161378,28,GET Calendar Day,200,,Calendar Day Users 1-13,text,true,,88919,315,3,3,http://localhost:8080/calendar/day/2026-01-20,20,0,0
1778504161407,9,GET Login Page,200,,Calendar Day Users 1-13,text,true,,21823,244,3,3,http://localhost:8080/login,8,0,0
1778504161347,75,POST Login,200,,Calendar Day Users 1-12,text,true,,37604,1048,3,3,http://localhost:8080/dashboard,63,0,0
1778504161347,63,POST Login-0,302,,Calendar Day Users 1-12,,true,,400,455,3,3,http://localhost:8080/login,63,0,0
1778504161410,1,POST Login-1,302,,Calendar Day Users 1-12,,true,,356,292,3,3,http://localhost:8080/,1,0,0
1778504161412,10,POST Login-2,200,,Calendar Day Users 1-12,text,true,,36848,301,3,3,http://localhost:8080/dashboard,8,0,0
1778504161423,25,GET Calendar Day,200,,Calendar Day Users 1-12,text,true,,88919,315,3,3,http://localhost:8080/calendar/day/2026-01-20,17,0,0
1778504161449,8,GET Login Page,200,,Calendar Day Users 1-12,text,true,,21823,244,3,3,http://localhost:8080/login,7,0,0
1778504161391,77,POST Login,200,,Calendar Day Users 1-11,text,true,,37604,1048,3,3,http://localhost:8080/dashboard,62,0,0
1778504161391,62,POST Login-0,302,,Calendar Day Users 1-11,,true,,400,455,3,3,http://localhost:8080/login,62,0,0
1778504161453,2,POST Login-1,302,,Calendar Day Users 1-11,,true,,356,292,3,3,http://localhost:8080/,2,0,0
1778504161455,13,POST Login-2,200,,Calendar Day Users 1-11,text,true,,36848,301,3,3,http://localhost:8080/dashboard,10,0,0
1778504161416,79,POST Login,200,,Calendar Day Users 1-13,text,true,,37604,1048,4,4,http://localhost:8080/dashboard,65,0,0
1778504161416,65,POST Login-0,302,,Calendar Day Users 1-13,,true,,400,455,4,4,http://localhost:8080/login,65,0,0
1778504161482,1,POST Login-1,302,,Calendar Day Users 1-13,,true,,356,292,4,4,http://localhost:8080/,1,0,0
1778504161483,12,POST Login-2,200,,Calendar Day Users 1-13,text,true,,36848,301,4,4,http://localhost:8080/dashboard,9,0,0
1778504161468,30,GET Calendar Day,200,,Calendar Day Users 1-11,text,true,,88919,315,4,4,http://localhost:8080/calendar/day/2026-01-20,21,0,0
1778504161490,9,GET Login Page,200,,Calendar Day Users 1-14,text,true,,21823,244,3,3,http://localhost:8080/login,8,0,1
1778504161495,26,GET Calendar Day,200,,Calendar Day Users 1-13,text,true,,88919,315,3,3,http://localhost:8080/calendar/day/2026-01-20,18,0,0
1778504161522,9,GET Login Page,200,,Calendar Day Users 1-13,text,true,,21823,244,3,3,http://localhost:8080/login,8,0,0
1778504161458,77,POST Login,200,,Calendar Day Users 1-12,text,true,,37604,1048,3,3,http://localhost:8080/dashboard,64,0,0
1778504161458,64,POST Login-0,302,,Calendar Day Users 1-12,,true,,400,455,3,3,http://localhost:8080/login,64,0,0
1778504161522,2,POST Login-1,302,,Calendar Day Users 1-12,,true,,356,292,3,3,http://localhost:8080/,2,0,0
1778504161524,11,POST Login-2,200,,Calendar Day Users 1-12,text,true,,36848,301,3,3,http://localhost:8080/dashboard,8,0,0
1778504161535,27,GET Calendar Day,200,,Calendar Day Users 1-12,text,true,,88919,315,3,3,http://localhost:8080/calendar/day/2026-01-20,18,0,0
1778504161562,9,GET Login Page,200,,Calendar Day Users 1-12,text,true,,21823,244,3,3,http://localhost:8080/login,8,0,0
1778504161499,77,POST Login,200,,Calendar Day Users 1-14,text,true,,37604,1048,3,3,http://localhost:8080/dashboard,64,0,0
1778504161499,64,POST Login-0,302,,Calendar Day Users 1-14,,true,,400,455,3,3,http://localhost:8080/login,64,0,0
1778504161563,2,POST Login-1,302,,Calendar Day Users 1-14,,true,,356,292,3,3,http://localhost:8080/,2,0,0
1778504161565,11,POST Login-2,200,,Calendar Day Users 1-14,text,true,,36848,301,3,3,http://localhost:8080/dashboard,8,0,0
1778504161577,29,GET Calendar Day,200,,Calendar Day Users 1-14,text,true,,88919,315,3,3,http://localhost:8080/calendar/day/2026-01-20,19,0,0
1778504161531,79,POST Login,200,,Calendar Day Users 1-13,text,true,,37604,1048,3,3,http://localhost:8080/dashboard,63,0,0
1778504161531,63,POST Login-0,302,,Calendar Day Users 1-13,,true,,400,455,3,3,http://localhost:8080/login,63,0,0
1778504161595,1,POST Login-1,302,,Calendar Day Users 1-13,,true,,356,292,3,3,http://localhost:8080/,1,0,0
1778504161597,13,POST Login-2,200,,Calendar Day Users 1-13,text,true,,36848,301,3,3,http://localhost:8080/dashboard,10,0,0
1778504161606,9,GET Login Page,200,,Calendar Day Users 1-14,text,true,,21823,244,3,3,http://localhost:8080/login,9,0,0
1778504161610,29,GET Calendar Day,200,,Calendar Day Users 1-13,text,true,,88919,315,3,3,http://localhost:8080/calendar/day/2026-01-20,19,0,0
1778504161639,11,GET Login Page,200,,Calendar Day Users 1-13,text,true,,21823,244,3,3,http://localhost:8080/login,9,0,0
1778504161571,84,POST Login,200,,Calendar Day Users 1-12,text,true,,37604,1048,3,3,http://localhost:8080/dashboard,63,0,0
1778504161571,63,POST Login-0,302,,Calendar Day Users 1-12,,true,,400,455,3,3,http://localhost:8080/login,63,0,0
1778504161634,3,POST Login-1,302,,Calendar Day Users 1-12,,true,,356,292,3,3,http://localhost:8080/,3,0,0
1778504161637,18,POST Login-2,200,,Calendar Day Users 1-12,text,true,,36848,301,3,3,http://localhost:8080/dashboard,11,0,0
1778504161655,36,GET Calendar Day,200,,Calendar Day Users 1-12,text,true,,88919,315,4,4,http://localhost:8080/calendar/day/2026-01-20,26,0,0
1778504161691,10,GET Login Page,200,,Calendar Day Users 1-15,text,true,,21823,244,3,3,http://localhost:8080/login,10,0,0
1778504161616,85,POST Login,200,,Calendar Day Users 1-14,text,true,,37604,1048,3,3,http://localhost:8080/dashboard,67,0,0
1778504161616,67,POST Login-0,302,,Calendar Day Users 1-14,,true,,400,455,3,3,http://localhost:8080/login,67,0,0
1778504161683,4,POST Login-1,302,,Calendar Day Users 1-14,,true,,356,292,3,3,http://localhost:8080/,4,0,0
1778504161687,14,POST Login-2,200,,Calendar Day Users 1-14,text,true,,36848,301,3,3,http://localhost:8080/dashboard,11,0,0
1778504161651,99,POST Login,200,,Calendar Day Users 1-13,text,true,,37604,1048,3,3,http://localhost:8080/dashboard,68,0,0
1778504161651,68,POST Login-0,302,,Calendar Day Users 1-13,,true,,400,455,3,3,http://localhost:8080/login,68,0,0
1778504161720,5,POST Login-1,302,,Calendar Day Users 1-13,,true,,356,292,3,3,http://localhost:8080/,5,0,0
1778504161725,25,POST Login-2,200,,Calendar Day Users 1-13,text,true,,36848,301,3,3,http://localhost:8080/dashboard,20,0,0
1778504161702,55,GET Calendar Day,200,,Calendar Day Users 1-14,text,true,,88919,315,3,3,http://localhost:8080/calendar/day/2026-01-20,46,0,0
1778504161758,10,GET Login Page,200,,Calendar Day Users 1-14,text,true,,21823,244,3,3,http://localhost:8080/login,9,0,0
1778504161751,33,GET Calendar Day,200,,Calendar Day Users 1-13,text,true,,88919,315,3,3,http://localhost:8080/calendar/day/2026-01-20,24,0,0
1778504161702,87,POST Login,200,,Calendar Day Users 1-15,text,true,,37604,1048,3,3,http://localhost:8080/dashboard,73,0,0
1778504161702,73,POST Login-0,302,,Calendar Day Users 1-15,,true,,400,455,3,3,http://localhost:8080/login,73,0,0
1778504161775,2,POST Login-1,302,,Calendar Day Users 1-15,,true,,356,292,3,3,http://localhost:8080/,2,0,0
1778504161777,12,POST Login-2,200,,Calendar Day Users 1-15,text,true,,36848,301,3,3,http://localhost:8080/dashboard,9,0,0
1778504161784,9,GET Login Page,200,,Calendar Day Users 1-13,text,true,,21823,244,3,3,http://localhost:8080/login,8,0,0
1778504161790,25,GET Calendar Day,200,,Calendar Day Users 1-15,text,true,,88919,315,3,3,http://localhost:8080/calendar/day/2026-01-20,17,0,0
1778504161816,9,GET Login Page,200,,Calendar Day Users 1-15,text,true,,21823,244,3,3,http://localhost:8080/login,8,0,0
1778504161768,77,POST Login,200,,Calendar Day Users 1-14,text,true,,37604,1048,3,3,http://localhost:8080/dashboard,63,0,0
1778504161768,63,POST Login-0,302,,Calendar Day Users 1-14,,true,,400,455,3,3,http://localhost:8080/login,63,0,0
1778504161831,1,POST Login-1,302,,Calendar Day Users 1-14,,true,,356,292,3,3,http://localhost:8080/,1,0,0
1778504161833,12,POST Login-2,200,,Calendar Day Users 1-14,text,true,,36848,301,3,3,http://localhost:8080/dashboard,8,0,0
1778504161793,75,POST Login,200,,Calendar Day Users 1-13,text,true,,37604,1048,3,3,http://localhost:8080/dashboard,63,0,0
1778504161793,63,POST Login-0,302,,Calendar Day Users 1-13,,true,,400,455,3,3,http://localhost:8080/login,63,0,0
1778504161856,1,POST Login-1,302,,Calendar Day Users 1-13,,true,,356,292,3,3,http://localhost:8080/,1,0,0
1778504161857,11,POST Login-2,200,,Calendar Day Users 1-13,text,true,,36848,301,3,3,http://localhost:8080/dashboard,8,0,0
1778504161845,26,GET Calendar Day,200,,Calendar Day Users 1-14,text,true,,88919,315,3,3,http://localhost:8080/calendar/day/2026-01-20,18,0,0
1778504161872,8,GET Login Page,200,,Calendar Day Users 1-14,text,true,,21823,244,3,3,http://localhost:8080/login,7,0,0
1778504161868,26,GET Calendar Day,200,,Calendar Day Users 1-13,text,true,,88919,315,4,4,http://localhost:8080/calendar/day/2026-01-20,17,0,0
1778504161825,77,POST Login,200,,Calendar Day Users 1-15,text,true,,37604,1048,3,3,http://localhost:8080/dashboard,63,0,0
1778504161825,63,POST Login-0,302,,Calendar Day Users 1-15,,true,,400,455,3,3,http://localhost:8080/login,63,0,0
1778504161888,1,POST Login-1,302,,Calendar Day Users 1-15,,true,,356,292,3,3,http://localhost:8080/,1,0,0
1778504161889,13,POST Login-2,200,,Calendar Day Users 1-15,text,true,,36848,301,3,3,http://localhost:8080/dashboard,10,0,0
1778504161892,10,GET Login Page,200,,Calendar Day Users 1-16,text,true,,21823,244,3,3,http://localhost:8080/login,9,0,1
1778504161902,26,GET Calendar Day,200,,Calendar Day Users 1-15,text,true,,88919,315,3,3,http://localhost:8080/calendar/day/2026-01-20,19,0,0
1778504161929,9,GET Login Page,200,,Calendar Day Users 1-15,text,true,,21823,244,3,3,http://localhost:8080/login,9,0,0
1778504161880,76,POST Login,200,,Calendar Day Users 1-14,text,true,,37604,1048,3,3,http://localhost:8080/dashboard,63,0,0
1778504161880,63,POST Login-0,302,,Calendar Day Users 1-14,,true,,400,455,3,3,http://localhost:8080/login,63,0,0
1778504161943,1,POST Login-1,302,,Calendar Day Users 1-14,,true,,356,292,3,3,http://localhost:8080/,1,0,0
1778504161944,12,POST Login-2,200,,Calendar Day Users 1-14,text,true,,36848,301,3,3,http://localhost:8080/dashboard,8,0,0
1778504161902,77,POST Login,200,,Calendar Day Users 1-16,text,true,,37604,1048,3,3,http://localhost:8080/dashboard,63,0,0
1778504161902,63,POST Login-0,302,,Calendar Day Users 1-16,,true,,400,455,3,3,http://localhost:8080/login,63,0,0
1778504161965,1,POST Login-1,302,,Calendar Day Users 1-16,,true,,356,292,3,3,http://localhost:8080/,1,0,0
1778504161966,13,POST Login-2,200,,Calendar Day Users 1-16,text,true,,36848,301,3,3,http://localhost:8080/dashboard,9,0,0
1778504161956,28,GET Calendar Day,200,,Calendar Day Users 1-14,text,true,,88919,315,3,3,http://localhost:8080/calendar/day/2026-01-20,19,0,0
1778504161984,10,GET Login Page,200,,Calendar Day Users 1-14,text,true,,21823,244,3,3,http://localhost:8080/login,9,0,0
1778504161979,27,GET Calendar Day,200,,Calendar Day Users 1-16,text,true,,88919,315,3,3,http://localhost:8080/calendar/day/2026-01-20,19,0,0
1778504161939,76,POST Login,200,,Calendar Day Users 1-15,text,true,,37604,1048,3,3,http://localhost:8080/dashboard,62,0,0
1778504161939,62,POST Login-0,302,,Calendar Day Users 1-15,,true,,400,455,3,3,http://localhost:8080/login,62,0,0
1778504162002,2,POST Login-1,302,,Calendar Day Users 1-15,,true,,356,292,3,3,http://localhost:8080/,2,0,0
1778504162004,11,POST Login-2,200,,Calendar Day Users 1-15,text,true,,36848,301,3,3,http://localhost:8080/dashboard,8,0,0
1778504162007,8,GET Login Page,200,,Calendar Day Users 1-16,text,true,,21823,244,3,3,http://localhost:8080/login,8,0,0
1778504162015,28,GET Calendar Day,200,,Calendar Day Users 1-15,text,true,,88919,315,3,3,http://localhost:8080/calendar/day/2026-01-20,19,0,0
1778504162043,9,GET Login Page,200,,Calendar Day Users 1-15,text,true,,21823,244,3,3,http://localhost:8080/login,8,0,0
1778504161994,75,POST Login,200,,Calendar Day Users 1-14,text,true,,37604,1048,3,3,http://localhost:8080/dashboard,62,0,0
1778504161994,62,POST Login-0,302,,Calendar Day Users 1-14,,true,,400,455,3,3,http://localhost:8080/login,62,0,0
1778504162056,1,POST Login-1,302,,Calendar Day Users 1-14,,true,,356,292,3,3,http://localhost:8080/,1,0,0
1778504162057,12,POST Login-2,200,,Calendar Day Users 1-14,text,true,,36848,301,3,3,http://localhost:8080/dashboard,8,0,0
1778504162016,74,POST Login,200,,Calendar Day Users 1-16,text,true,,37604,1048,3,3,http://localhost:8080/dashboard,61,0,0
1778504162016,61,POST Login-0,302,,Calendar Day Users 1-16,,true,,400,455,3,3,http://localhost:8080/login,61,0,0
1778504162077,2,POST Login-1,302,,Calendar Day Users 1-16,,true,,356,292,3,3,http://localhost:8080/,2,0,0
1778504162079,11,POST Login-2,200,,Calendar Day Users 1-16,text,true,,36848,301,3,3,http://localhost:8080/dashboard,8,0,0
1778504162069,25,GET Calendar Day,200,,Calendar Day Users 1-14,text,true,,88919,315,4,4,http://localhost:8080/calendar/day/2026-01-20,17,0,0
1778504162091,9,GET Login Page,200,,Calendar Day Users 1-17,text,true,,21823,244,3,3,http://localhost:8080/login,8,0,0
1778504162090,24,GET Calendar Day,200,,Calendar Day Users 1-16,text,true,,88919,315,3,3,http://localhost:8080/calendar/day/2026-01-20,17,0,0
1778504162115,8,GET Login Page,200,,Calendar Day Users 1-16,text,true,,21823,244,3,3,http://localhost:8080/login,7,0,0
1778504162052,74,POST Login,200,,Calendar Day Users 1-15,text,true,,37604,1048,3,3,http://localhost:8080/dashboard,62,0,0
1778504162052,62,POST Login-0,302,,Calendar Day Users 1-15,,true,,400,455,3,3,http://localhost:8080/login,62,0,0
1778504162115,1,POST Login-1,302,,Calendar Day Users 1-15,,true,,356,292,3,3,http://localhost:8080/,1,0,0
1778504162116,10,POST Login-2,200,,Calendar Day Users 1-15,text,true,,36848,301,3,3,http://localhost:8080/dashboard,8,0,0
1778504162126,25,GET Calendar Day,200,,Calendar Day Users 1-15,text,true,,88919,315,3,3,http://localhost:8080/calendar/day/2026-01-20,17,0,0
1778504162151,9,GET Login Page,200,,Calendar Day Users 1-15,text,true,,21823,244,3,3,http://localhost:8080/login,8,0,0
1778504162100,78,POST Login,200,,Calendar Day Users 1-17,text,true,,37604,1048,3,3,http://localhost:8080/dashboard,62,0,0
1778504162100,62,POST Login-0,302,,Calendar Day Users 1-17,,true,,400,455,3,3,http://localhost:8080/login,62,0,0
1778504162163,2,POST Login-1,302,,Calendar Day Users 1-17,,true,,356,292,3,3,http://localhost:8080/,2,0,0
1778504162166,12,POST Login-2,200,,Calendar Day Users 1-17,text,true,,36848,301,3,3,http://localhost:8080/dashboard,9,0,0
1778504162123,76,POST Login,200,,Calendar Day Users 1-16,text,true,,37604,1048,3,3,http://localhost:8080/dashboard,63,0,0
1778504162123,63,POST Login-0,302,,Calendar Day Users 1-16,,true,,400,455,3,3,http://localhost:8080/login,63,0,0
1778504162186,2,POST Login-1,302,,Calendar Day Users 1-16,,true,,356,292,3,3,http://localhost:8080/,2,0,0
1778504162188,11,POST Login-2,200,,Calendar Day Users 1-16,text,true,,36848,301,3,3,http://localhost:8080/dashboard,8,0,0
1778504162179,25,GET Calendar Day,200,,Calendar Day Users 1-17,text,true,,88919,315,3,3,http://localhost:8080/calendar/day/2026-01-20,17,0,0
1778504162205,8,GET Login Page,200,,Calendar Day Users 1-17,text,true,,21823,244,3,3,http://localhost:8080/login,8,0,0
1778504162199,25,GET Calendar Day,200,,Calendar Day Users 1-16,text,true,,88919,315,3,3,http://localhost:8080/calendar/day/2026-01-20,17,0,0
1778504162224,8,GET Login Page,200,,Calendar Day Users 1-16,text,true,,21823,244,3,3,http://localhost:8080/login,7,0,0
1778504162161,74,POST Login,200,,Calendar Day Users 1-15,text,true,,37604,1048,3,3,http://localhost:8080/dashboard,62,0,0
1778504162161,62,POST Login-0,302,,Calendar Day Users 1-15,,true,,400,455,3,3,http://localhost:8080/login,62,0,0
1778504162223,2,POST Login-1,302,,Calendar Day Users 1-15,,true,,356,292,3,3,http://localhost:8080/,2,0,0
1778504162225,10,POST Login-2,200,,Calendar Day Users 1-15,text,true,,36848,301,3,3,http://localhost:8080/dashboard,7,0,0
1778504162235,23,GET Calendar Day,200,,Calendar Day Users 1-15,text,true,,88919,315,3,3,http://localhost:8080/calendar/day/2026-01-20,16,0,0
1778504162213,74,POST Login,200,,Calendar Day Users 1-17,text,true,,37604,1048,2,2,http://localhost:8080/dashboard,62,0,0
1778504162213,62,POST Login-0,302,,Calendar Day Users 1-17,,true,,400,455,2,2,http://localhost:8080/login,62,0,0
1778504162275,2,POST Login-1,302,,Calendar Day Users 1-17,,true,,356,292,2,2,http://localhost:8080/,2,0,0
1778504162277,10,POST Login-2,200,,Calendar Day Users 1-17,text,true,,36848,301,2,2,http://localhost:8080/dashboard,7,0,0
1778504162290,9,GET Login Page,200,,Calendar Day Users 1-18,text,true,,21823,244,3,3,http://localhost:8080/login,8,0,1
1778504162232,73,POST Login,200,,Calendar Day Users 1-16,text,true,,37604,1048,3,3,http://localhost:8080/dashboard,62,0,0
1778504162232,62,POST Login-0,302,,Calendar Day Users 1-16,,true,,400,455,3,3,http://localhost:8080/login,62,0,0
1778504162294,1,POST Login-1,302,,Calendar Day Users 1-16,,true,,356,292,3,3,http://localhost:8080/,1,0,0
1778504162295,10,POST Login-2,200,,Calendar Day Users 1-16,text,true,,36848,301,3,3,http://localhost:8080/dashboard,8,0,0
1778504162288,27,GET Calendar Day,200,,Calendar Day Users 1-17,text,true,,88919,315,3,3,http://localhost:8080/calendar/day/2026-01-20,18,0,0
1778504162315,8,GET Login Page,200,,Calendar Day Users 1-17,text,true,,21823,244,3,3,http://localhost:8080/login,8,0,0
1778504162306,24,GET Calendar Day,200,,Calendar Day Users 1-16,text,true,,88919,315,3,3,http://localhost:8080/calendar/day/2026-01-20,16,0,0
1778504162330,9,GET Login Page,200,,Calendar Day Users 1-16,text,true,,21823,244,3,3,http://localhost:8080/login,8,0,0
1778504162299,76,POST Login,200,,Calendar Day Users 1-18,text,true,,37604,1048,3,3,http://localhost:8080/dashboard,62,0,0
1778504162299,62,POST Login-0,302,,Calendar Day Users 1-18,,true,,400,455,3,3,http://localhost:8080/login,62,0,0
1778504162362,1,POST Login-1,302,,Calendar Day Users 1-18,,true,,356,292,3,3,http://localhost:8080/,1,0,0
1778504162363,12,POST Login-2,200,,Calendar Day Users 1-18,text,true,,36848,301,3,3,http://localhost:8080/dashboard,10,0,0
1778504162324,74,POST Login,200,,Calendar Day Users 1-17,text,true,,37604,1048,3,3,http://localhost:8080/dashboard,61,0,0
1778504162324,61,POST Login-0,302,,Calendar Day Users 1-17,,true,,400,455,3,3,http://localhost:8080/login,61,0,0
1778504162386,1,POST Login-1,302,,Calendar Day Users 1-17,,true,,356,292,3,3,http://localhost:8080/,1,0,0
1778504162387,11,POST Login-2,200,,Calendar Day Users 1-17,text,true,,36848,301,3,3,http://localhost:8080/dashboard,8,0,0
1778504162376,26,GET Calendar Day,200,,Calendar Day Users 1-18,text,true,,88919,315,3,3,http://localhost:8080/calendar/day/2026-01-20,16,0,0
1778504162403,8,GET Login Page,200,,Calendar Day Users 1-18,text,true,,21823,244,3,3,http://localhost:8080/login,8,0,0
1778504162339,77,POST Login,200,,Calendar Day Users 1-16,text,true,,37604,1048,3,3,http://localhost:8080/dashboard,64,0,0
1778504162339,64,POST Login-0,302,,Calendar Day Users 1-16,,true,,400,455,3,3,http://localhost:8080/login,64,0,0
1778504162403,1,POST Login-1,302,,Calendar Day Users 1-16,,true,,356,292,3,3,http://localhost:8080/,1,0,0
1778504162404,12,POST Login-2,200,,Calendar Day Users 1-16,text,true,,36848,301,3,3,http://localhost:8080/dashboard,8,0,0
1778504162399,27,GET Calendar Day,200,,Calendar Day Users 1-17,text,true,,88919,315,3,3,http://localhost:8080/calendar/day/2026-01-20,19,0,0
1778504162427,7,GET Login Page,200,,Calendar Day Users 1-17,text,true,,21823,244,3,3,http://localhost:8080/login,7,0,0
1778504162416,26,GET Calendar Day,200,,Calendar Day Users 1-16,text,true,,88919,315,3,3,http://localhost:8080/calendar/day/2026-01-20,17,0,0
1778504162412,77,POST Login,200,,Calendar Day Users 1-18,text,true,,37604,1048,2,2,http://localhost:8080/dashboard,65,0,0
1778504162412,65,POST Login-0,302,,Calendar Day Users 1-18,,true,,400,455,2,2,http://localhost:8080/login,65,0,0
1778504162477,1,POST Login-1,302,,Calendar Day Users 1-18,,true,,356,292,2,2,http://localhost:8080/,1,0,0
1778504162478,11,POST Login-2,200,,Calendar Day Users 1-18,text,true,,36848,301,2,2,http://localhost:8080/dashboard,8,0,0
1778504162490,10,GET Login Page,200,,Calendar Day Users 1-19,text,true,,21823,244,3,3,http://localhost:8080/login,10,0,1
1778504162435,78,POST Login,200,,Calendar Day Users 1-17,text,true,,37604,1048,3,3,http://localhost:8080/dashboard,63,0,0
1778504162435,63,POST Login-0,302,,Calendar Day Users 1-17,,true,,400,455,3,3,http://localhost:8080/login,63,0,0
1778504162498,1,POST Login-1,302,,Calendar Day Users 1-17,,true,,356,292,3,3,http://localhost:8080/,1,0,0
1778504162499,14,POST Login-2,200,,Calendar Day Users 1-17,text,true,,36848,301,3,3,http://localhost:8080/dashboard,11,0,0
1778504162489,32,GET Calendar Day,200,,Calendar Day Users 1-18,text,true,,88919,315,3,3,http://localhost:8080/calendar/day/2026-01-20,22,0,0
1778504162522,11,GET Login Page,200,,Calendar Day Users 1-18,text,true,,21823,244,3,3,http://localhost:8080/login,11,0,0
1778504162514,30,GET Calendar Day,200,,Calendar Day Users 1-17,text,true,,88919,315,3,3,http://localhost:8080/calendar/day/2026-01-20,21,0,0
1778504162544,8,GET Login Page,200,,Calendar Day Users 1-17,text,true,,21823,244,3,3,http://localhost:8080/login,7,0,0
1778504162501,77,POST Login,200,,Calendar Day Users 1-19,text,true,,37604,1048,3,3,http://localhost:8080/dashboard,64,0,0
1778504162501,64,POST Login-0,302,,Calendar Day Users 1-19,,true,,400,455,3,3,http://localhost:8080/login,64,0,0
1778504162565,1,POST Login-1,302,,Calendar Day Users 1-19,,true,,356,292,3,3,http://localhost:8080/,1,0,0
1778504162566,12,POST Login-2,200,,Calendar Day Users 1-19,text,true,,36848,301,3,3,http://localhost:8080/dashboard,9,0,0
1778504162578,27,GET Calendar Day,200,,Calendar Day Users 1-19,text,true,,88919,315,3,3,http://localhost:8080/calendar/day/2026-01-20,17,0,0
1778504162534,77,POST Login,200,,Calendar Day Users 1-18,text,true,,37604,1048,3,3,http://localhost:8080/dashboard,63,0,0
1778504162534,63,POST Login-0,302,,Calendar Day Users 1-18,,true,,400,455,3,3,http://localhost:8080/login,63,0,0
1778504162597,3,POST Login-1,302,,Calendar Day Users 1-18,,true,,356,292,3,3,http://localhost:8080/,3,0,0
1778504162600,11,POST Login-2,200,,Calendar Day Users 1-18,text,true,,36848,301,3,3,http://localhost:8080/dashboard,7,0,0
1778504162606,8,GET Login Page,200,,Calendar Day Users 1-19,text,true,,21823,244,3,3,http://localhost:8080/login,7,0,0
1778504162552,75,POST Login,200,,Calendar Day Users 1-17,text,true,,37604,1048,3,3,http://localhost:8080/dashboard,62,0,0
1778504162552,62,POST Login-0,302,,Calendar Day Users 1-17,,true,,400,455,3,3,http://localhost:8080/login,62,0,0
1778504162614,2,POST Login-1,302,,Calendar Day Users 1-17,,true,,356,292,3,3,http://localhost:8080/,2,0,0
1778504162616,11,POST Login-2,200,,Calendar Day Users 1-17,text,true,,36848,301,3,3,http://localhost:8080/dashboard,8,0,0
1778504162611,25,GET Calendar Day,200,,Calendar Day Users 1-18,text,true,,88919,315,3,3,http://localhost:8080/calendar/day/2026-01-20,17,0,0
1778504162637,7,GET Login Page,200,,Calendar Day Users 1-18,text,true,,21823,244,3,3,http://localhost:8080/login,6,0,0
1778504162627,25,GET Calendar Day,200,,Calendar Day Users 1-17,text,true,,88919,315,3,3,http://localhost:8080/calendar/day/2026-01-20,17,0,0
1778504162614,74,POST Login,200,,Calendar Day Users 1-19,text,true,,37604,1048,3,3,http://localhost:8080/dashboard,62,0,0
1778504162614,62,POST Login-0,302,,Calendar Day Users 1-19,,true,,400,455,3,3,http://localhost:8080/login,62,0,0
1778504162676,2,POST Login-1,302,,Calendar Day Users 1-19,,true,,356,292,3,3,http://localhost:8080/,2,0,0
1778504162678,10,POST Login-2,200,,Calendar Day Users 1-19,text,true,,36848,301,3,3,http://localhost:8080/dashboard,7,0,0
1778504162688,9,GET Login Page,200,,Calendar Day Users 1-20,text,true,,21823,244,3,3,http://localhost:8080/login,8,0,1
1778504162688,23,GET Calendar Day,200,,Calendar Day Users 1-19,text,true,,88919,315,3,3,http://localhost:8080/calendar/day/2026-01-20,16,0,0
1778504162644,73,POST Login,200,,Calendar Day Users 1-18,text,true,,37604,1048,3,3,http://localhost:8080/dashboard,61,0,0
1778504162644,61,POST Login-0,302,,Calendar Day Users 1-18,,true,,400,455,3,3,http://localhost:8080/login,61,0,0
1778504162706,1,POST Login-1,302,,Calendar Day Users 1-18,,true,,356,292,3,3,http://localhost:8080/,1,0,0
1778504162707,10,POST Login-2,200,,Calendar Day Users 1-18,text,true,,36848,301,3,3,http://localhost:8080/dashboard,7,0,0
1778504162712,8,GET Login Page,200,,Calendar Day Users 1-19,text,true,,21823,244,3,3,http://localhost:8080/login,7,0,0
1778504162717,25,GET Calendar Day,200,,Calendar Day Users 1-18,text,true,,88919,315,3,3,http://localhost:8080/calendar/day/2026-01-20,17,0,0
1778504162743,7,GET Login Page,200,,Calendar Day Users 1-18,text,true,,21823,244,3,3,http://localhost:8080/login,6,0,0
1778504162697,73,POST Login,200,,Calendar Day Users 1-20,text,true,,37604,1048,3,3,http://localhost:8080/dashboard,62,0,0
1778504162697,62,POST Login-0,302,,Calendar Day Users 1-20,,true,,400,455,3,3,http://localhost:8080/login,62,0,0
1778504162759,1,POST Login-1,302,,Calendar Day Users 1-20,,true,,356,292,3,3,http://localhost:8080/,1,0,0
1778504162760,10,POST Login-2,200,,Calendar Day Users 1-20,text,true,,36848,301,3,3,http://localhost:8080/dashboard,8,0,0
1778504162720,73,POST Login,200,,Calendar Day Users 1-19,text,true,,37604,1048,3,3,http://localhost:8080/dashboard,61,0,0
1778504162720,61,POST Login-0,302,,Calendar Day Users 1-19,,true,,400,455,3,3,http://localhost:8080/login,61,0,0
1778504162781,1,POST Login-1,302,,Calendar Day Users 1-19,,true,,356,292,3,3,http://localhost:8080/,1,0,0
1778504162783,10,POST Login-2,200,,Calendar Day Users 1-19,text,true,,36848,301,3,3,http://localhost:8080/dashboard,7,0,0
1778504162771,24,GET Calendar Day,200,,Calendar Day Users 1-20,text,true,,88919,315,3,3,http://localhost:8080/calendar/day/2026-01-20,17,0,0
1778504162796,9,GET Login Page,200,,Calendar Day Users 1-20,text,true,,21823,244,3,3,http://localhost:8080/login,8,0,0
1778504162793,24,GET Calendar Day,200,,Calendar Day Users 1-19,text,true,,88919,315,3,3,http://localhost:8080/calendar/day/2026-01-20,16,0,0
1778504162750,75,POST Login,200,,Calendar Day Users 1-18,text,true,,37604,1048,3,3,http://localhost:8080/dashboard,62,0,0
1778504162750,62,POST Login-0,302,,Calendar Day Users 1-18,,true,,400,455,3,3,http://localhost:8080/login,62,0,0
1778504162812,2,POST Login-1,302,,Calendar Day Users 1-18,,true,,356,292,3,3,http://localhost:8080/,2,0,0
1778504162814,11,POST Login-2,200,,Calendar Day Users 1-18,text,true,,36848,301,3,3,http://localhost:8080/dashboard,8,0,0
1778504162818,8,GET Login Page,200,,Calendar Day Users 1-19,text,true,,21823,244,3,3,http://localhost:8080/login,7,0,0
1778504162825,24,GET Calendar Day,200,,Calendar Day Users 1-18,text,true,,88919,315,3,3,http://localhost:8080/calendar/day/2026-01-20,16,0,0
1778504162805,74,POST Login,200,,Calendar Day Users 1-20,text,true,,37604,1048,2,2,http://localhost:8080/dashboard,62,0,0
1778504162805,62,POST Login-0,302,,Calendar Day Users 1-20,,true,,400,455,2,2,http://localhost:8080/login,62,0,0
1778504162867,2,POST Login-1,302,,Calendar Day Users 1-20,,true,,356,292,2,2,http://localhost:8080/,2,0,0
1778504162869,10,POST Login-2,200,,Calendar Day Users 1-20,text,true,,36848,301,2,2,http://localhost:8080/dashboard,8,0,0
1778504162888,8,GET Login Page,200,,Calendar Day Users 1-21,text,true,,21823,244,3,3,http://localhost:8080/login,8,0,1
1778504162826,73,POST Login,200,,Calendar Day Users 1-19,text,true,,37604,1048,3,3,http://localhost:8080/dashboard,61,0,0
1778504162826,61,POST Login-0,302,,Calendar Day Users 1-19,,true,,400,455,3,3,http://localhost:8080/login,61,0,0
1778504162887,2,POST Login-1,302,,Calendar Day Users 1-19,,true,,356,292,3,3,http://localhost:8080/,2,0,0
1778504162889,10,POST Login-2,200,,Calendar Day Users 1-19,text,true,,36848,301,3,3,http://localhost:8080/dashboard,7,0,0
1778504162880,25,GET Calendar Day,200,,Calendar Day Users 1-20,text,true,,88919,315,3,3,http://localhost:8080/calendar/day/2026-01-20,16,0,0
1778504162905,8,GET Login Page,200,,Calendar Day Users 1-20,text,true,,21823,244,3,3,http://localhost:8080/login,8,0,0
1778504162900,24,GET Calendar Day,200,,Calendar Day Users 1-19,text,true,,88919,315,3,3,http://localhost:8080/calendar/day/2026-01-20,16,0,0
1778504162925,7,GET Login Page,200,,Calendar Day Users 1-19,text,true,,21823,244,3,3,http://localhost:8080/login,7,0,0
1778504162897,74,POST Login,200,,Calendar Day Users 1-21,text,true,,37604,1048,3,3,http://localhost:8080/dashboard,63,0,0
1778504162897,63,POST Login-0,302,,Calendar Day Users 1-21,,true,,400,455,3,3,http://localhost:8080/login,63,0,0
1778504162960,1,POST Login-1,302,,Calendar Day Users 1-21,,true,,356,292,3,3,http://localhost:8080/,1,0,0
1778504162961,10,POST Login-2,200,,Calendar Day Users 1-21,text,true,,36848,301,3,3,http://localhost:8080/dashboard,7,0,0
1778504162914,74,POST Login,200,,Calendar Day Users 1-20,text,true,,37604,1048,3,3,http://localhost:8080/dashboard,62,0,0
1778504162914,62,POST Login-0,302,,Calendar Day Users 1-20,,true,,400,455,3,3,http://localhost:8080/login,62,0,0
1778504162976,1,POST Login-1,302,,Calendar Day Users 1-20,,true,,356,292,3,3,http://localhost:8080/,1,0,0
1778504162977,11,POST Login-2,200,,Calendar Day Users 1-20,text,true,,36848,301,3,3,http://localhost:8080/dashboard,8,0,0
1778504162971,27,GET Calendar Day,200,,Calendar Day Users 1-21,text,true,,88919,315,3,3,http://localhost:8080/calendar/day/2026-01-20,18,0,0
1778504162999,8,GET Login Page,200,,Calendar Day Users 1-21,text,true,,21823,244,3,3,http://localhost:8080/login,8,0,0
1778504162933,75,POST Login,200,,Calendar Day Users 1-19,text,true,,37604,1048,3,3,http://localhost:8080/dashboard,62,0,0
1778504162933,62,POST Login-0,302,,Calendar Day Users 1-19,,true,,400,455,3,3,http://localhost:8080/login,62,0,0
1778504162995,2,POST Login-1,302,,Calendar Day Users 1-19,,true,,356,292,3,3,http://localhost:8080/,2,0,0
1778504162997,11,POST Login-2,200,,Calendar Day Users 1-19,text,true,,36848,301,3,3,http://localhost:8080/dashboard,7,0,0
1778504162988,26,GET Calendar Day,200,,Calendar Day Users 1-20,text,true,,88919,315,3,3,http://localhost:8080/calendar/day/2026-01-20,18,0,0
1778504163015,8,GET Login Page,200,,Calendar Day Users 1-20,text,true,,21823,244,3,3,http://localhost:8080/login,7,0,0
1778504163008,26,GET Calendar Day,200,,Calendar Day Users 1-19,text,true,,88919,315,3,3,http://localhost:8080/calendar/day/2026-01-20,18,0,0
1778504163008,73,POST Login,200,,Calendar Day Users 1-21,text,true,,37604,1048,2,2,http://localhost:8080/dashboard,62,0,0
1778504163008,62,POST Login-0,302,,Calendar Day Users 1-21,,true,,400,455,2,2,http://localhost:8080/login,62,0,0
1778504163070,1,POST Login-1,302,,Calendar Day Users 1-21,,true,,356,292,2,2,http://localhost:8080/,1,0,0
1778504163071,10,POST Login-2,200,,Calendar Day Users 1-21,text,true,,36848,301,2,2,http://localhost:8080/dashboard,8,0,0
1778504163089,8,GET Login Page,200,,Calendar Day Users 1-22,text,true,,21823,244,3,3,http://localhost:8080/login,8,0,0
1778504163023,74,POST Login,200,,Calendar Day Users 1-20,text,true,,37604,1048,3,3,http://localhost:8080/dashboard,62,0,0
1778504163023,62,POST Login-0,302,,Calendar Day Users 1-20,,true,,400,455,3,3,http://localhost:8080/login,62,0,0
1778504163085,1,POST Login-1,302,,Calendar Day Users 1-20,,true,,356,292,3,3,http://localhost:8080/,1,0,0
1778504163086,11,POST Login-2,200,,Calendar Day Users 1-20,text,true,,36848,301,3,3,http://localhost:8080/dashboard,9,0,0
1778504163082,24,GET Calendar Day,200,,Calendar Day Users 1-21,text,true,,88919,315,3,3,http://localhost:8080/calendar/day/2026-01-20,16,0,0
1778504163106,8,GET Login Page,200,,Calendar Day Users 1-21,text,true,,21823,244,3,3,http://localhost:8080/login,7,0,0
1778504163098,24,GET Calendar Day,200,,Calendar Day Users 1-20,text,true,,88919,315,3,3,http://localhost:8080/calendar/day/2026-01-20,15,0,0
1778504163123,8,GET Login Page,200,,Calendar Day Users 1-20,text,true,,21823,244,3,3,http://localhost:8080/login,7,0,0
1778504163097,74,POST Login,200,,Calendar Day Users 1-22,text,true,,37604,1048,3,3,http://localhost:8080/dashboard,62,0,0
1778504163097,62,POST Login-0,302,,Calendar Day Users 1-22,,true,,400,455,3,3,http://localhost:8080/login,62,0,0
1778504163159,2,POST Login-1,302,,Calendar Day Users 1-22,,true,,356,292,3,3,http://localhost:8080/,2,0,0
1778504163161,10,POST Login-2,200,,Calendar Day Users 1-22,text,true,,36848,301,3,3,http://localhost:8080/dashboard,8,0,0
1778504163114,74,POST Login,200,,Calendar Day Users 1-21,text,true,,37604,1048,3,3,http://localhost:8080/dashboard,61,0,0
1778504163114,61,POST Login-0,302,,Calendar Day Users 1-21,,true,,400,455,3,3,http://localhost:8080/login,61,0,0
1778504163175,2,POST Login-1,302,,Calendar Day Users 1-21,,true,,356,292,3,3,http://localhost:8080/,2,0,0
1778504163178,10,POST Login-2,200,,Calendar Day Users 1-21,text,true,,36848,301,3,3,http://localhost:8080/dashboard,7,0,0
1778504163172,25,GET Calendar Day,200,,Calendar Day Users 1-22,text,true,,88919,315,3,3,http://localhost:8080/calendar/day/2026-01-20,17,0,0
1778504163131,74,POST Login,200,,Calendar Day Users 1-20,text,true,,37604,1048,3,3,http://localhost:8080/dashboard,62,0,0
1778504163131,62,POST Login-0,302,,Calendar Day Users 1-20,,true,,400,455,3,3,http://localhost:8080/login,62,0,0
1778504163193,1,POST Login-1,302,,Calendar Day Users 1-20,,true,,356,292,3,3,http://localhost:8080/,1,0,0
1778504163194,11,POST Login-2,200,,Calendar Day Users 1-20,text,true,,36848,301,3,3,http://localhost:8080/dashboard,8,0,0
1778504163198,7,GET Login Page,200,,Calendar Day Users 1-22,text,true,,21823,244,3,3,http://localhost:8080/login,7,0,0
1778504163188,26,GET Calendar Day,200,,Calendar Day Users 1-21,text,true,,88919,315,3,3,http://localhost:8080/calendar/day/2026-01-20,17,0,0
1778504163214,8,GET Login Page,200,,Calendar Day Users 1-21,text,true,,21823,244,3,3,http://localhost:8080/login,7,0,0
1778504163205,25,GET Calendar Day,200,,Calendar Day Users 1-20,text,true,,88919,315,3,3,http://localhost:8080/calendar/day/2026-01-20,18,0,0
1778504163207,75,POST Login,200,,Calendar Day Users 1-22,text,true,,37604,1048,2,2,http://localhost:8080/dashboard,61,0,0
1778504163207,61,POST Login-0,302,,Calendar Day Users 1-22,,true,,400,455,2,2,http://localhost:8080/login,61,0,0
1778504163268,2,POST Login-1,302,,Calendar Day Users 1-22,,true,,356,292,2,2,http://localhost:8080/,2,0,0
1778504163270,12,POST Login-2,200,,Calendar Day Users 1-22,text,true,,36848,301,2,2,http://localhost:8080/dashboard,9,0,0
1778504163222,73,POST Login,200,,Calendar Day Users 1-21,text,true,,37604,1048,3,3,http://localhost:8080/dashboard,62,0,0
1778504163222,62,POST Login-0,302,,Calendar Day Users 1-21,,true,,400,455,3,3,http://localhost:8080/login,62,0,0
1778504163284,1,POST Login-1,302,,Calendar Day Users 1-21,,true,,356,292,3,3,http://localhost:8080/,1,0,0
1778504163285,10,POST Login-2,200,,Calendar Day Users 1-21,text,true,,36848,301,3,3,http://localhost:8080/dashboard,8,0,0
1778504163290,8,GET Login Page,200,,Calendar Day Users 1-23,text,true,,21823,244,3,3,http://localhost:8080/login,8,0,1
1778504163282,24,GET Calendar Day,200,,Calendar Day Users 1-22,text,true,,88919,315,3,3,http://localhost:8080/calendar/day/2026-01-20,16,0,0
1778504163307,7,GET Login Page,200,,Calendar Day Users 1-22,text,true,,21823,244,3,3,http://localhost:8080/login,7,0,0
1778504163295,25,GET Calendar Day,200,,Calendar Day Users 1-21,text,true,,88919,315,3,3,http://localhost:8080/calendar/day/2026-01-20,17,0,0
1778504163321,7,GET Login Page,200,,Calendar Day Users 1-21,text,true,,21823,244,3,3,http://localhost:8080/login,7,0,0
1778504163299,77,POST Login,200,,Calendar Day Users 1-23,text,true,,37604,1048,3,3,http://localhost:8080/dashboard,65,0,0
1778504163299,65,POST Login-0,302,,Calendar Day Users 1-23,,true,,400,455,3,3,http://localhost:8080/login,65,0,0
1778504163364,1,POST Login-1,302,,Calendar Day Users 1-23,,true,,356,292,3,3,http://localhost:8080/,1,0,0
1778504163365,11,POST Login-2,200,,Calendar Day Users 1-23,text,true,,36848,301,3,3,http://localhost:8080/dashboard,8,0,0
1778504163315,81,POST Login,200,,Calendar Day Users 1-22,text,true,,37604,1048,3,3,http://localhost:8080/dashboard,67,0,0
1778504163315,67,POST Login-0,302,,Calendar Day Users 1-22,,true,,400,455,3,3,http://localhost:8080/login,67,0,0
1778504163382,1,POST Login-1,302,,Calendar Day Users 1-22,,true,,356,292,3,3,http://localhost:8080/,1,0,0
1778504163383,13,POST Login-2,200,,Calendar Day Users 1-22,text,true,,36848,301,3,3,http://localhost:8080/dashboard,9,0,0
1778504163377,31,GET Calendar Day,200,,Calendar Day Users 1-23,text,true,,88919,315,3,3,http://localhost:8080/calendar/day/2026-01-20,19,0,0
1778504163329,83,POST Login,200,,Calendar Day Users 1-21,text,true,,37604,1048,3,3,http://localhost:8080/dashboard,66,0,0
1778504163329,66,POST Login-0,302,,Calendar Day Users 1-21,,true,,400,455,3,3,http://localhost:8080/login,66,0,0
1778504163396,2,POST Login-1,302,,Calendar Day Users 1-21,,true,,356,292,3,3,http://localhost:8080/,2,0,0
1778504163398,14,POST Login-2,200,,Calendar Day Users 1-21,text,true,,36848,301,3,3,http://localhost:8080/dashboard,10,0,0
1778504163409,10,GET Login Page,200,,Calendar Day Users 1-23,text,true,,21823,244,3,3,http://localhost:8080/login,10,0,0
1778504163397,33,GET Calendar Day,200,,Calendar Day Users 1-22,text,true,,88919,315,3,3,http://localhost:8080/calendar/day/2026-01-20,22,0,0
1778504163431,7,GET Login Page,200,,Calendar Day Users 1-22,text,true,,21823,244,3,3,http://localhost:8080/login,7,0,0
1778504163413,31,GET Calendar Day,200,,Calendar Day Users 1-21,text,true,,88919,315,3,3,http://localhost:8080/calendar/day/2026-01-20,22,0,0
1778504163420,78,POST Login,200,,Calendar Day Users 1-23,text,true,,37604,1048,3,3,http://localhost:8080/dashboard,64,0,0
1778504163420,64,POST Login-0,302,,Calendar Day Users 1-23,,true,,400,455,3,3,http://localhost:8080/login,64,0,0
1778504163484,2,POST Login-1,302,,Calendar Day Users 1-23,,true,,356,292,3,3,http://localhost:8080/,2,0,0
1778504163486,12,POST Login-2,200,,Calendar Day Users 1-23,text,true,,36848,301,3,3,http://localhost:8080/dashboard,9,0,0
1778504163490,10,GET Login Page,200,,Calendar Day Users 1-24,text,true,,21823,244,3,3,http://localhost:8080/login,9,0,1
1778504163439,74,POST Login,200,,Calendar Day Users 1-22,text,true,,37604,1048,3,3,http://localhost:8080/dashboard,62,0,0
1778504163439,62,POST Login-0,302,,Calendar Day Users 1-22,,true,,400,455,3,3,http://localhost:8080/login,62,0,0
1778504163501,1,POST Login-1,302,,Calendar Day Users 1-22,,true,,356,292,3,3,http://localhost:8080/,1,0,0
1778504163502,11,POST Login-2,200,,Calendar Day Users 1-22,text,true,,36848,301,3,3,http://localhost:8080/dashboard,9,0,0
1778504163499,26,GET Calendar Day,200,,Calendar Day Users 1-23,text,true,,88919,315,3,3,http://localhost:8080/calendar/day/2026-01-20,17,0,0
1778504163526,8,GET Login Page,200,,Calendar Day Users 1-23,text,true,,21823,244,3,3,http://localhost:8080/login,7,0,0
1778504163514,28,GET Calendar Day,200,,Calendar Day Users 1-22,text,true,,88919,315,3,3,http://localhost:8080/calendar/day/2026-01-20,18,0,0
1778504163543,8,GET Login Page,200,,Calendar Day Users 1-22,text,true,,21823,244,3,3,http://localhost:8080/login,7,0,0
1778504163500,77,POST Login,200,,Calendar Day Users 1-24,text,true,,37604,1048,3,3,http://localhost:8080/dashboard,63,0,0
1778504163500,63,POST Login-0,302,,Calendar Day Users 1-24,,true,,400,455,3,3,http://localhost:8080/login,63,0,0
1778504163563,2,POST Login-1,302,,Calendar Day Users 1-24,,true,,356,292,3,3,http://localhost:8080/,2,0,0
1778504163565,12,POST Login-2,200,,Calendar Day Users 1-24,text,true,,36848,301,3,3,http://localhost:8080/dashboard,9,0,0
1778504163577,29,GET Calendar Day,200,,Calendar Day Users 1-24,text,true,,88919,315,3,3,http://localhost:8080/calendar/day/2026-01-20,20,0,0
1778504163534,79,POST Login,200,,Calendar Day Users 1-23,text,true,,37604,1048,3,3,http://localhost:8080/dashboard,63,0,0
1778504163534,63,POST Login-0,302,,Calendar Day Users 1-23,,true,,400,455,3,3,http://localhost:8080/login,63,0,0
1778504163598,2,POST Login-1,302,,Calendar Day Users 1-23,,true,,356,292,3,3,http://localhost:8080/,2,0,0
1778504163600,13,POST Login-2,200,,Calendar Day Users 1-23,text,true,,36848,301,3,3,http://localhost:8080/dashboard,9,0,0
1778504163607,9,GET Login Page,200,,Calendar Day Users 1-24,text,true,,21823,244,3,3,http://localhost:8080/login,8,0,0
1778504163552,77,POST Login,200,,Calendar Day Users 1-22,text,true,,37604,1048,3,3,http://localhost:8080/dashboard,63,0,0
1778504163552,63,POST Login-0,302,,Calendar Day Users 1-22,,true,,400,455,3,3,http://localhost:8080/login,63,0,0
1778504163615,2,POST Login-1,302,,Calendar Day Users 1-22,,true,,356,292,3,3,http://localhost:8080/,2,0,0
1778504163617,12,POST Login-2,200,,Calendar Day Users 1-22,text,true,,36848,301,3,3,http://localhost:8080/dashboard,9,0,0
1778504163613,29,GET Calendar Day,200,,Calendar Day Users 1-23,text,true,,88919,315,3,3,http://localhost:8080/calendar/day/2026-01-20,20,0,0
1778504163642,8,GET Login Page,200,,Calendar Day Users 1-23,text,true,,21823,244,3,3,http://localhost:8080/login,7,0,0
1778504163629,28,GET Calendar Day,200,,Calendar Day Users 1-22,text,true,,88919,315,3,3,http://localhost:8080/calendar/day/2026-01-20,19,0,0
1778504163617,79,POST Login,200,,Calendar Day Users 1-24,text,true,,37604,1048,3,3,http://localhost:8080/dashboard,64,0,0
1778504163617,64,POST Login-0,302,,Calendar Day Users 1-24,,true,,400,455,3,3,http://localhost:8080/login,64,0,0
1778504163681,1,POST Login-1,302,,Calendar Day Users 1-24,,true,,356,292,3,3,http://localhost:8080/,1,0,0
1778504163683,13,POST Login-2,200,,Calendar Day Users 1-24,text,true,,36848,301,3,3,http://localhost:8080/dashboard,9,0,0
1778504163689,11,GET Login Page,200,,Calendar Day Users 1-25,text,true,,21823,244,3,3,http://localhost:8080/login,10,0,1
1778504163696,26,GET Calendar Day,200,,Calendar Day Users 1-24,text,true,,88919,315,3,3,http://localhost:8080/calendar/day/2026-01-20,18,0,0
1778504163650,77,POST Login,200,,Calendar Day Users 1-23,text,true,,37604,1048,3,3,http://localhost:8080/dashboard,63,0,0
1778504163650,63,POST Login-0,302,,Calendar Day Users 1-23,,true,,400,455,3,3,http://localhost:8080/login,63,0,0
1778504163713,2,POST Login-1,302,,Calendar Day Users 1-23,,true,,356,292,3,3,http://localhost:8080/,2,0,0
1778504163715,12,POST Login-2,200,,Calendar Day Users 1-23,text,true,,36848,301,3,3,http://localhost:8080/dashboard,8,0,0
1778504163723,9,GET Login Page,200,,Calendar Day Users 1-24,text,true,,21823,244,3,3,http://localhost:8080/login,8,0,0
1778504163727,27,GET Calendar Day,200,,Calendar Day Users 1-23,text,true,,88919,315,3,3,http://localhost:8080/calendar/day/2026-01-20,18,0,0
1778504163754,8,GET Login Page,200,,Calendar Day Users 1-23,text,true,,21823,244,3,3,http://localhost:8080/login,8,0,0
1778504163700,74,POST Login,200,,Calendar Day Users 1-25,text,true,,37604,1048,3,3,http://localhost:8080/dashboard,61,0,0
1778504163700,61,POST Login-0,302,,Calendar Day Users 1-25,,true,,400,455,3,3,http://localhost:8080/login,61,0,0
1778504163762,1,POST Login-1,302,,Calendar Day Users 1-25,,true,,356,292,3,3,http://localhost:8080/,1,0,0
1778504163763,11,POST Login-2,200,,Calendar Day Users 1-25,text,true,,36848,301,3,3,http://localhost:8080/dashboard,8,0,0
1778504163775,25,GET Calendar Day,200,,Calendar Day Users 1-25,text,true,,88919,315,3,3,http://localhost:8080/calendar/day/2026-01-20,17,0,0
1778504163732,74,POST Login,200,,Calendar Day Users 1-24,text,true,,37604,1048,3,3,http://localhost:8080/dashboard,62,0,0
1778504163732,62,POST Login-0,302,,Calendar Day Users 1-24,,true,,400,455,3,3,http://localhost:8080/login,62,0,0
1778504163794,1,POST Login-1,302,,Calendar Day Users 1-24,,true,,356,292,3,3,http://localhost:8080/,1,0,0
1778504163795,11,POST Login-2,200,,Calendar Day Users 1-24,text,true,,36848,301,3,3,http://localhost:8080/dashboard,8,0,0
1778504163801,8,GET Login Page,200,,Calendar Day Users 1-25,text,true,,21823,244,3,3,http://localhost:8080/login,8,0,0
1778504163807,27,GET Calendar Day,200,,Calendar Day Users 1-24,text,true,,88919,315,3,3,http://localhost:8080/calendar/day/2026-01-20,19,0,0
1778504163763,74,POST Login,200,,Calendar Day Users 1-23,text,true,,37604,1048,3,3,http://localhost:8080/dashboard,62,0,0
1778504163763,62,POST Login-0,302,,Calendar Day Users 1-23,,true,,400,455,3,3,http://localhost:8080/login,62,0,0
1778504163825,1,POST Login-1,302,,Calendar Day Users 1-23,,true,,356,292,3,3,http://localhost:8080/,1,0,0
1778504163826,11,POST Login-2,200,,Calendar Day Users 1-23,text,true,,36848,301,3,3,http://localhost:8080/dashboard,8,0,0
1778504163835,7,GET Login Page,200,,Calendar Day Users 1-24,text,true,,21823,244,3,3,http://localhost:8080/login,6,0,0
1778504163837,27,GET Calendar Day,200,,Calendar Day Users 1-23,text,true,,88919,315,3,3,http://localhost:8080/calendar/day/2026-01-20,18,0,0
1778504163810,76,POST Login,200,,Calendar Day Users 1-25,text,true,,37604,1048,2,2,http://localhost:8080/dashboard,62,0,0
1778504163810,62,POST Login-0,302,,Calendar Day Users 1-25,,true,,400,455,2,2,http://localhost:8080/login,62,0,0
1778504163872,2,POST Login-1,302,,Calendar Day Users 1-25,,true,,356,292,2,2,http://localhost:8080/,2,0,0
1778504163874,12,POST Login-2,200,,Calendar Day Users 1-25,text,true,,36848,301,2,2,http://localhost:8080/dashboard,9,0,0
1778504163886,28,GET Calendar Day,200,,Calendar Day Users 1-25,text,true,,88919,315,2,2,http://localhost:8080/calendar/day/2026-01-20,19,0,0
1778504163842,74,POST Login,200,,Calendar Day Users 1-24,text,true,,37604,1048,2,2,http://localhost:8080/dashboard,62,0,0
1778504163842,62,POST Login-0,302,,Calendar Day Users 1-24,,true,,400,455,2,2,http://localhost:8080/login,62,0,0
1778504163904,2,POST Login-1,302,,Calendar Day Users 1-24,,true,,356,292,2,2,http://localhost:8080/,2,0,0
1778504163906,10,POST Login-2,200,,Calendar Day Users 1-24,text,true,,36848,301,2,2,http://localhost:8080/dashboard,7,0,0
1778504163914,8,GET Login Page,200,,Calendar Day Users 1-25,text,true,,21823,244,2,2,http://localhost:8080/login,8,0,0
1778504163916,27,GET Calendar Day,200,,Calendar Day Users 1-24,text,true,,88919,315,2,2,http://localhost:8080/calendar/day/2026-01-20,17,0,0
1778504163943,8,GET Login Page,200,,Calendar Day Users 1-24,text,true,,21823,244,2,2,http://localhost:8080/login,8,0,0
1778504163923,75,POST Login,200,,Calendar Day Users 1-25,text,true,,37604,1048,2,2,http://localhost:8080/dashboard,61,0,0
1778504163923,61,POST Login-0,302,,Calendar Day Users 1-25,,true,,400,455,2,2,http://localhost:8080/login,61,0,0
1778504163984,2,POST Login-1,302,,Calendar Day Users 1-25,,true,,356,292,2,2,http://localhost:8080/,2,0,0
1778504163986,12,POST Login-2,200,,Calendar Day Users 1-25,text,true,,36848,301,2,2,http://localhost:8080/dashboard,8,0,0
1778504163998,27,GET Calendar Day,200,,Calendar Day Users 1-25,text,true,,88919,315,2,2,http://localhost:8080/calendar/day/2026-01-20,18,0,0
1778504163952,76,POST Login,200,,Calendar Day Users 1-24,text,true,,37604,1048,2,2,http://localhost:8080/dashboard,63,0,0
1778504163952,63,POST Login-0,302,,Calendar Day Users 1-24,,true,,400,455,2,2,http://localhost:8080/login,63,0,0
1778504164015,2,POST Login-1,302,,Calendar Day Users 1-24,,true,,356,292,2,2,http://localhost:8080/,2,0,0
1778504164017,11,POST Login-2,200,,Calendar Day Users 1-24,text,true,,36848,301,2,2,http://localhost:8080/dashboard,8,0,0
1778504164025,9,GET Login Page,200,,Calendar Day Users 1-25,text,true,,21823,244,2,2,http://localhost:8080/login,8,0,0
1778504164029,26,GET Calendar Day,200,,Calendar Day Users 1-24,text,true,,88919,315,2,2,http://localhost:8080/calendar/day/2026-01-20,17,0,0
1778504164034,75,POST Login,200,,Calendar Day Users 1-25,text,true,,37604,1048,1,1,http://localhost:8080/dashboard,62,0,0
1778504164034,62,POST Login-0,302,,Calendar Day Users 1-25,,true,,400,455,1,1,http://localhost:8080/login,62,0,0
1778504164096,1,POST Login-1,302,,Calendar Day Users 1-25,,true,,356,292,1,1,http://localhost:8080/,1,0,0
1778504164097,12,POST Login-2,200,,Calendar Day Users 1-25,text,true,,36848,301,1,1,http://localhost:8080/dashboard,8,0,0
1778504164109,25,GET Calendar Day,200,,Calendar Day Users 1-25,text,true,,88919,315,1,1,http://localhost:8080/calendar/day/2026-01-20,17,0,0
1778504164135,9,GET Login Page,200,,Calendar Day Users 1-25,text,true,,21823,244,1,1,http://localhost:8080/login,8,0,0
1778504164144,75,POST Login,200,,Calendar Day Users 1-25,text,true,,37604,1048,1,1,http://localhost:8080/dashboard,62,0,0
1778504164144,62,POST Login-0,302,,Calendar Day Users 1-25,,true,,400,455,1,1,http://localhost:8080/login,62,0,0
1778504164206,2,POST Login-1,302,,Calendar Day Users 1-25,,true,,356,292,1,1,http://localhost:8080/,2,0,0
1778504164208,11,POST Login-2,200,,Calendar Day Users 1-25,text,true,,36848,301,1,1,http://localhost:8080/dashboard,8,0,0
1778504164220,25,GET Calendar Day,200,,Calendar Day Users 1-25,text,true,,88919,315,1,1,http://localhost:8080/calendar/day/2026-01-20,17,0,0
